"","code","iso","country","region","EPI","ECO","BDH","MKP","MHP","MPE","PAR","SPI","TBN","TKP","PAE","PHL","RLI","SHI","BER","ECS","PFL","IFL","FCL","TCG","FLI","FSH","FSS","FCD","BTZ","BTO","RMS","APO","OEB","OEC","NXA","SDA","AGR","SNM","PSU","PRS","RCY","WRS","WWG","WWC","WWT","WWR","HLT","AIR","HPE","HFD","OZD","NOD","SOE","COE","VOE","H2O","USD","UWD","HMT","LED","WMG","WPC","SMW","WRR","PCC","CCH","CDA","CDF","CHA","FGA","NDA","BCA","LUF","GTI","GTP","GHN","CBP"
"1",4,"AFG","Afghanistan","Southern Asia",30.7,31.2,32.1,NA,NA,NA,0.3,9.1,11.7,24.6,79.5,80.9,75.6,66.4,50.5,NA,NA,NA,NA,NA,NA,NA,NA,NA,NA,NA,NA,42,18,37.6,34.2,55.5,41.1,31.2,97.2,52,41.9,9,89.7,0,0,0,18.2,15.8,18.8,3.6,10.3,34.9,58.7,50.2,37.1,32.3,31,33.1,0,0,25.2,60.6,0,2.4,40.2,40.2,38.4,100,48,4.3,50.8,39.3,44.4,35,46.7,22.6,97.7
"2",8,"ALB","Albania","Eastern Europe",52.1,51.8,50.6,25.5,24.4,96.7,46.4,56.8,60.7,58.4,65.2,63.4,70,53.5,45.1,62.4,NA,NA,71.7,36.5,67.5,15.8,NA,24,3.5,7.8,100,74.5,25.9,21.8,100,69.2,50.4,22,36.2,65.7,73.6,39.2,56.6,26.5,49,33.4,43.8,36.5,36.6,27.6,60.2,34.5,44.6,64.4,47.2,71.3,73.2,70,51.5,51.5,16.4,35.6,0,5.3,59.4,59.4,54.7,77.2,87.6,3.8,100,100,50,56.9,56.3,39.5,87.6
"3",12,"DZA","Algeria","Greater Middle East",41.9,42.2,33,0,0,100,6.1,73.8,4.3,6,20.3,58.8,73.8,74,54.5,NA,NA,NA,NA,NA,NA,51.6,75.7,37.7,49.2,50.1,58.2,63.7,18.7,7.8,60.7,86.8,46.7,38.6,100,74.6,38.7,55.9,62.7,72,41.7,41.7,48.1,46.1,37.1,64.5,29.6,31.3,24,42.7,27.9,64.7,68.8,62,29.2,29.2,37.6,47.8,71.6,10.5,36.2,36.2,40.7,30.4,40.5,12.6,46.1,59.8,49.7,32.1,34.7,6.9,51.5
"4",24,"AGO","Angola","Sub-Saharan Africa",39.7,43.2,41.5,0,0,NA,35.6,37.1,34.1,74.7,82.1,89.8,77.7,71.6,55.6,49.2,50.5,49.3,49.1,27.9,83.5,37.6,29,45.4,26.9,43.4,45.3,73.2,69.1,84.4,69.6,75.4,41,35.2,97.5,97.8,18.4,13.8,86.5,7.6,4.3,4.3,21.6,19.9,15.4,13.8,32.7,43.6,60.3,43.2,9.8,22.9,23.4,22.6,30.4,30.4,26.1,64.1,0,1.1,49.4,49.4,54.7,100,54.7,3.7,49,52.5,48,48.8,52.9,20.4,88.5
"5",28,"ATG","Antigua and Barbuda","Latin America & Caribbean",55.5,53.2,52.8,74.7,33.1,88.5,NA,19.9,51.5,72.9,28.3,90,64,NA,91.4,28.7,0,NA,59,30.2,46.1,97.3,100,NA,100,100,56.4,72,36.2,39.6,84.8,72.9,31.4,3.8,39.8,41.2,54.1,48.2,56.7,50.8,44.4,44.4,69.6,77.8,93.5,62.7,100,35.1,68.8,85.8,91,56.9,56,57.5,48.5,48.5,35.6,39,100,0,46.4,46.4,46.3,28.8,57.4,NA,57.5,59.9,50.2,42.6,39,51.6,54
"6",32,"ARG","Argentina","Latin America & Caribbean",46.8,47.1,35,17.1,33,89.1,14.9,32.9,27.9,40.5,37.6,71.6,54.2,48.2,39.3,48.9,62.7,51.3,44.2,0,72.2,38.5,70.5,50.8,26.8,24.6,48.3,80.5,77,92.5,69,90.4,81.4,87.7,100,29.5,95.3,48.5,32.8,55,55,11.8,52.9,47.6,44.6,54.5,48.6,18.2,66.9,64.5,17.4,68.3,70.2,67.1,72.8,72.8,26.6,32.5,56.1,6,41.4,41.4,50.8,44.8,46.6,6.8,27.3,54.3,48.5,43.4,39.1,6.6,53
"7",51,"ARM","Armenia","Former Soviet States",44.7,47.8,47.4,NA,NA,NA,14.4,38.7,77.2,39.5,49.8,71.5,47.9,80.4,43.4,83.4,NA,NA,99.3,58.2,54.2,NA,NA,NA,NA,NA,NA,54.2,37.3,40.6,18.6,95.8,35.5,13.1,100,49.3,46.7,35.8,0,42.9,42.9,14.6,41.2,30.9,19.3,38.5,35.2,28.3,35.2,59.7,43.2,74.2,68.7,77.8,54.8,54.8,24.8,57.4,0,4.5,42.8,42.8,39,41.9,79.3,3.8,39.2,74.4,46.9,38.9,38.1,31.3,69.2
"8",36,"AUS","Australia","Global West",63,63.3,55.4,57.2,42.5,57.2,50.9,65.8,67.1,58.1,89.1,92.2,39.5,50.3,35.8,42.3,97.4,0,20.1,44.9,72.2,48.1,28.6,47.7,51.1,53.3,57.2,95.9,77.3,82.1,98.2,100,65.3,49.7,51.8,59,84.7,89.1,26.2,100,92.9,92.9,82,81,94.9,85.1,71,26.4,42.2,86.5,18.3,90.9,91.6,90.5,86.3,86.3,45.7,27.6,91.3,41.1,46.6,46.6,50.8,24,82.4,31.9,77.7,49.6,49.5,47.5,30.2,5.9,43.5
"9",40,"AUT","Austria","Global West",69,78.2,74.4,NA,NA,NA,86.4,83.6,86.9,70.6,76.7,57.9,59.1,59.9,48,47.5,NA,NA,53.4,38.7,35.6,NA,NA,NA,NA,NA,NA,92.9,54.2,61,100,100,72.5,64,40.9,71.6,84.1,89.5,10.8,100,96,100,70,61.5,46.1,88.9,39.3,25.5,61.1,57.4,50.2,92.6,87.7,95.8,88.3,88.3,63.8,12.2,99.5,97.6,54.1,54.1,52.5,36.9,77.3,40.4,60.5,100,51.4,53,44.5,20.6,61.5
"10",31,"AZE","Azerbaijan","Former Soviet States",40.4,44.4,36.9,0.8,20,50,7.2,43.1,31.4,41.3,55.2,31,81.2,80.1,25.8,82.3,NA,NA,98.3,50.7,65.4,NA,NA,NA,NA,NA,NA,67,39.3,49.8,60.3,82.7,63,48.1,100,64.2,74.4,28.9,44,25.9,25.9,38.1,40.2,38.2,37.9,36.8,37.1,36.4,39.3,63.1,41.6,48.2,45.2,50.2,46.8,46.8,21.6,34.5,13.8,12.6,34.7,34.7,44.5,37.3,21.2,25.8,11.3,50.7,47.2,33.5,33,16.9,48.4
"11",44,"BHS","Bahamas","Latin America & Caribbean",56,53.9,46.8,25.1,17.4,77.8,80.1,21.6,82.6,46.2,100,100,3.1,98.2,100,NA,NA,NA,NA,NA,NA,91.6,59,100,100,100,56,66.1,16.5,8.4,79.8,73.9,50.2,39.9,30.8,23.3,73.3,61.9,28.6,68.9,63,63,69.4,76.4,97.1,65.4,65.9,23.6,70.9,83,86.5,63.8,68.7,60.5,53.9,53.9,8.7,18.8,0,2.9,47.6,47.6,49,37.3,40.9,NA,69.4,58.5,50.1,47.9,42.7,42.9,61.3
"12",48,"BHR","Bahrain","Greater Middle East",35.9,38.6,26,67.3,59.4,30.8,NA,3.7,8.7,0,NA,NA,13.3,NA,45.6,NA,NA,NA,NA,NA,NA,68.9,NA,30.6,100,67.6,75.8,32.5,0,0,60.7,17.2,42.5,21.7,35.5,58.5,57.2,80.9,20,81,100,64.9,40.9,32.7,3.8,71.7,15.2,7.9,9.2,37.5,22.8,66.9,69.9,64.9,48,48,34.6,3.2,98.5,34,27.9,27.9,39.5,5.8,42.9,10.2,35.7,100,NA,24.7,1.5,17,3.8
"13",50,"BGD","Bangladesh","Southern Asia",27.8,31.4,29.1,32.6,61.1,91.2,0,19.8,14,23.9,1.4,51,13.2,80.1,0.4,51.4,59.9,NA,31.2,75,53.9,63.2,88.6,58.4,58.6,60.4,49,13.3,27.3,35.4,19.5,0,72.2,54.4,29.7,56.6,100,14,48.9,2.9,19.4,2,15,6.3,0,7,2.4,40,17.8,3.2,15.8,31.9,30.9,32.6,27,27,52.9,99.5,59.1,3.1,33,33,27.4,69.1,42.1,3.7,32.7,46.9,46.1,34.2,35.5,6.8,87.1
"14",52,"BRB","Barbados","Latin America & Caribbean",53.1,35,12.5,0,0,100,NA,1.2,1.6,1.7,NA,NA,54.7,NA,19.5,45.4,NA,NA,47.6,60.1,5,80.4,6,77.4,100,100,NA,70,43.6,48.8,74.8,74.6,47.9,41.4,20.3,13.5,71,49.5,33.8,55.1,48.2,48.2,77.4,85.8,100,76.5,100,25,92.5,85.4,96.3,59.8,61.1,59,65.7,65.7,46,8.9,100,56.2,56.7,56.7,59.2,56.4,49.5,NA,53.8,54.8,66.4,56.1,55.4,55.2,82.3
"15",112,"BLR","Belarus","Former Soviet States",58.1,68.1,70.3,NA,NA,NA,36.2,90.6,45.5,93.7,23.9,72.3,92.4,77.8,0,52.5,NA,NA,44.5,80.6,36.2,NA,NA,NA,NA,NA,NA,81.9,58.1,68.2,100,71.4,45.2,29.7,44.2,73.1,49.2,63.2,16.3,78.5,59.6,62.8,55.8,51.3,44.4,58.1,66.3,15.9,50.3,65.4,65.2,74.5,71.9,76.2,53,53,44.3,32,95.1,31.1,44.5,44.5,50.8,35.5,50.5,30.1,49.9,69.5,49.4,41.4,38.4,17.1,50.5
"16",56,"BEL","Belgium","Global West",66.7,69.1,66.4,45.5,80,47.1,70.4,96,51.6,46.1,3,70.8,92.7,48,16.7,43.6,NA,NA,47.5,48.5,13.9,8,NA,15.7,0,3.2,51.4,94.3,61.6,70.2,100,100,68.5,43.6,29.3,61.6,99.6,83.6,29.3,98,84,78.2,70.8,64.8,48.7,92.7,44.8,24.9,54.7,60.2,67,88.2,87.4,88.7,81.3,81.3,65.1,14.3,99.3,98.9,59.7,59.7,56.8,41,100,60.5,61.8,100,47.2,55.8,46.2,19.8,64.7
"17",84,"BLZ","Belize","Latin America & Caribbean",47.4,57.3,58.4,25.9,36.7,97.4,100,90.3,94.6,39.8,89.5,99.4,29.9,0,83.2,42.3,48.2,56.3,28.6,8.1,60.5,86.7,NA,54.4,100,100,55.6,71,62.4,69.6,71.2,72.9,60.9,57.4,23.4,42,75.5,37.9,50.9,43.2,31,31,43.3,41.3,47.7,28,46.7,50.3,84.4,75,18.9,50.4,51.4,49.7,54.3,54.3,19.6,44.9,5.2,1.4,35.8,35.8,32.2,37.7,40.4,28.6,42.7,48.1,46.3,32.1,34.3,43.8,63.8
"18",204,"BEN","Benin","Sub-Saharan Africa",37.4,54.6,63.7,NA,0,NA,62.6,75.5,86.1,91.7,36.3,79.3,70.7,80.4,10.7,53.2,85.5,NA,28.9,14.4,58.4,88.3,NA,100,77.2,97.9,30.3,50.4,63.5,68.9,44.6,49.8,54,52.6,100,71.7,44.2,10,97.9,0.4,0,0,25.8,25,36.1,6.1,24.5,55.6,59.4,38.4,20.1,20.1,18.9,20.9,38.1,38.1,41.9,84.3,40.6,0.1,22.9,22.9,22,56.2,25.4,3.8,12.1,35.9,0,20.4,26.2,23.3,82.1
"19",64,"BTN","Bhutan","Southern Asia",43.3,59.5,67.2,NA,NA,NA,40.9,68.2,80.2,77.8,100,99,42.3,87.7,100,86.7,94.1,87.6,90.1,52.5,88.4,NA,NA,NA,NA,NA,NA,50.9,15.6,25.4,51.5,62.4,44.7,33.8,67.5,74.9,41.1,23.9,64.9,25.5,14.4,14.4,22.3,16.8,5.2,22.2,1.7,71.1,39.4,15.9,12.2,35,27.6,40,30.5,30.5,35.8,65.5,35.5,6.2,35.3,35.3,38.2,58.2,17.7,NA,37.5,51.3,49.6,31.6,32.6,39.3,64.8
"20",68,"BOL","Bolivia","Latin America & Caribbean",44.9,55.7,63.6,NA,NA,NA,73.3,69.4,85,66.5,46.1,95.5,51.9,24.3,49.9,33.7,47.1,23.6,24.4,21.9,84.7,NA,NA,NA,NA,NA,NA,73.9,100,100,55.9,81.5,59.6,61.3,98.6,42.8,61.7,24.2,66.7,26.4,14,14,29.4,23,14.9,21.9,39.2,20.4,91,53.1,0,46.5,44.7,47.7,43.3,43.3,24.5,49.8,11.8,5.5,41.4,41.4,45,60.8,45.6,24.3,26.1,72.6,49.2,35,40.7,18.8,62.1
"21",70,"BIH","Bosnia and Herzegovina","Eastern Europe",45.6,51.3,45.7,NA,31,NA,55.1,22,13.2,67.5,76.1,75,63.5,75.4,36.7,76.2,NA,NA,88.4,53.7,59.9,89.9,NA,81,100,100,4.5,75.2,29.6,54.7,100,63.7,52.3,29.1,51.2,52.1,75.8,23,42.8,36,2.9,31.3,36,22.9,10.5,24.4,40.1,38.8,31.9,60.8,35.7,78.7,77.9,79.3,48.8,48.8,17.7,37.2,14.1,0,45.9,45.9,50.5,36,40.8,43.3,100,34.4,49.7,43.5,42.1,26.9,57.7
"22",72,"BWA","Botswana","Sub-Saharan Africa",49,74,85.8,NA,NA,NA,84.1,93.7,87.4,78.8,46.2,54.5,92.2,94.2,59.6,NA,NA,NA,NA,NA,NA,NA,NA,NA,NA,NA,NA,83.5,61.9,65.6,74.9,100,35.3,6,56.8,93.8,38.5,42,53.3,46.7,36,36,31.7,34.5,38.9,25.5,31.3,61.2,45.1,60.8,12.3,20.1,18.4,21.3,37.3,37.3,31.4,53.8,49,0.3,25.1,25.1,45.1,45.7,0,3.7,0,80.7,0,19.3,18.7,22.9,27.5
"23",76,"BRA","Brazil","Latin America & Caribbean",53,63.8,62.2,66.4,39.9,73.4,100,69.6,76.7,59.7,68.5,94,62.2,0,22.6,44,56.3,40.2,37,20.3,75.1,47.9,58.6,16.5,54.2,56.8,48.4,90.6,100,99.5,82.2,95.3,81,78.8,30.2,53.5,99,55.3,15.4,72.2,52,40.8,42.2,36.2,39.3,35.8,35.9,15,43.8,59.8,14.2,59.4,57.6,60.6,57.4,57.4,26.2,35.3,57.8,1.4,45.5,45.5,53.4,66.8,41.8,26.6,30.2,69.7,47.9,45,44.4,0,64.3
"24",96,"BRN","Brunei Darussalam","Asia-Pacific",48.5,48.9,47.4,0,1.1,57.9,20.8,89.6,100,44.5,100,99.9,51.7,33.3,100,64.2,80.3,51.1,65.1,47.1,75.8,41.4,NA,35.6,34.2,48.7,50.1,41.9,84.4,83.1,67.1,0,24.1,0.7,10.7,22.4,49.4,67.2,27.3,76.1,68.1,68.1,70.9,68.7,76.8,72.3,67.7,42,57.8,52.5,0,87.9,88,87.9,65,65,35,34.9,100,2.5,29.2,29.2,30.4,0,73.3,3.9,38.8,72.5,47.9,27.9,5,26.8,1.6
"25",100,"BGR","Bulgaria","Eastern Europe",56.3,70.8,69.1,86.7,0,33,48.7,91.5,99.9,99.2,74.4,0,80.1,77.5,18.9,72.1,NA,NA,80.3,57,61,20.9,NA,55.5,4.3,8.8,50,92.3,49,59,100,100,74.2,60.8,57.1,70.1,90.7,67.4,39.4,90.4,54.6,54.6,42.5,32,21,36.4,49.3,37.8,16,59.6,41.4,79.3,87.8,73.7,37.3,37.3,47.3,33.4,90.1,39.8,45.7,45.7,54.1,38.4,60.2,7.9,37.6,48.5,51,48,41.9,21.4,56.3
"26",854,"BFA","Burkina Faso","Sub-Saharan Africa",41.5,56.9,73.3,NA,NA,NA,50.7,89.8,54.4,88.8,17.2,85,95.4,74.9,0,NA,NA,NA,NA,NA,NA,NA,NA,NA,NA,NA,NA,39.8,72.3,90.8,35.7,27.2,64,46.3,100,90.2,67.7,12.4,100,3.4,2,2,33.1,39.8,72.8,6.2,34.2,42.2,75.4,51.5,13.6,15.7,14.7,16.3,22.3,22.3,27.4,66.4,1.8,1.2,24.9,24.9,15.1,78.6,25.7,3.7,31.6,64.2,0,19.8,33.7,19.5,81.5
"27",108,"BDI","Burundi","Sub-Saharan Africa",33,48.1,51.7,NA,NA,NA,28.3,37,26.4,89.4,38.5,95.7,67.6,80.7,3.7,63.7,85.7,NA,50.7,39.9,44.4,NA,NA,NA,NA,NA,NA,59.6,70.5,82.7,53.2,59.3,45.4,45,72.1,77.1,30.4,11.5,97.2,4.5,0,0,12.9,9.1,0,5.2,21.5,53.9,32.9,20.4,17.7,16.8,15.9,17.4,29.6,29.6,24,59,0,0.9,26.6,26.6,4.9,100,29.4,3.8,20.4,61.9,45.4,19.7,43,31.6,99.7
"28",132,"CPV","Cabo Verde","Sub-Saharan Africa",37.9,23.1,19.8,0.1,0,100,NA,3.5,9.6,1.3,0,91.3,69.7,NA,100,NA,NA,NA,NA,NA,NA,70.2,61.5,38.6,NA,100,14.8,14.3,14.8,NA,12.6,15.9,28,8.1,50.5,51.9,36.1,28.7,90.4,28.6,16.5,16.5,54.7,63.1,100,21.4,47.8,79.9,88.9,81.3,95.5,36.5,34.2,38.1,45.2,45.2,20.2,49.4,0,1.2,43.4,43.4,43.2,80.5,41.9,21.3,48.9,41.2,52.7,42.3,43,49.1,89.7
"29",116,"KHM","Cambodia","Asia-Pacific",31,44,57.3,63.1,17.6,50,66.7,91.1,100,72.6,4.4,86.1,32.3,0,55.2,37.6,32.2,77.6,5.9,0,63.3,31.8,23,86.7,12,15.4,52,14.5,65.1,72.9,4.4,2.9,64.6,51.4,100,48.6,81.5,11.7,77.8,9.9,0,0,24.1,18.2,20,6.5,31.8,41.1,44.8,46.1,4.5,40.2,38.9,41,28.9,28.9,36.3,85.7,0,5.1,16.7,16.7,0,0,38.8,3.8,31.2,33.8,45.8,12.2,21.4,16.3,60.7
"30",120,"CMR","Cameroon","Sub-Saharan Africa",38.1,48.1,45,NA,75.6,100,30.9,31,33.1,67.7,62.3,89.1,49,0,44.9,58.4,58.9,69.9,46.6,41.4,80,81.6,NA,90.1,76.5,88,28.8,71.7,84.3,85.6,60.9,77.1,50.4,44.7,100,59.1,48.4,10.2,100,0.6,0,0,19.5,17,14.6,7.5,25,63,47.4,38.7,4.7,23,21.8,23.8,28.3,28.3,26.8,65.5,2.6,0.2,39.4,39.4,43.6,100,40.5,7.7,40.7,28.6,49.1,36.7,41.9,20.6,88.2
"31",124,"CAN","Canada","Global West",61.1,60.6,52.1,21.7,26.9,60.8,40.3,82.1,36.2,40.7,89.8,99,89.3,47.1,56.9,47.6,NA,29.2,65.9,36.2,89.9,33.1,0,57.3,29,34,49.4,90.8,41.1,48.6,100,100,72.3,61.7,60,33.6,100,80.4,6.9,98.3,84,68,77.3,72.3,67,96.7,51.9,7.8,41.7,61,57.3,94.7,88,99.1,97.3,97.3,36,17.6,96,24.4,48.2,48.2,52.5,27.1,65.7,41.4,44.3,100,49.8,48.3,33.1,4.1,45.2
"32",140,"CAF","Central African Republic","Sub-Saharan Africa",38.3,56.1,71,NA,NA,NA,37,76.7,59.5,94.5,87.5,99.4,79.5,77.5,47.2,68.6,73.4,59.6,78.7,43.4,92.7,NA,NA,NA,NA,NA,NA,47.7,88.3,100,40.6,36.2,38.3,16.2,67.9,93.7,34.8,10,100,0,0,0,14.4,15.6,19.9,1.2,7.5,61.1,77.3,32.7,0,8.9,8.4,9.2,15.3,15.3,20.7,50.9,0,0.9,31,31,19.4,100,49.1,3.8,55.2,83.4,49.9,0,47.1,28.2,75.1
"33",148,"TCD","Chad","Sub-Saharan Africa",35.2,49.4,60.1,NA,NA,NA,29.8,68.8,61.5,72,4.4,87,71.6,70.2,24.7,NA,NA,NA,NA,NA,NA,NA,NA,NA,NA,NA,NA,52.4,35.5,93.4,32.7,67.3,42.7,30.2,100,73,37.8,10,99.9,0,0,0,26.4,33.6,57.1,4,24.7,66.6,86.1,54.4,0,4.3,4,4.5,17.5,17.5,31.2,77.1,0,1,21,21,45.8,100,0,3.8,0,56.7,0,0,18.9,11.8,39.7
"34",152,"CHL","Chile","Latin America & Caribbean",50,58.4,42.5,28.4,37.8,87.7,34.6,33.6,54.9,63.9,64.8,95.6,20.6,46.8,100,70.3,NA,83.6,62.1,49.6,73.5,81.9,22.7,88.8,100,94.3,55.2,80.9,71.1,86.6,63.4,99.1,66.3,45.4,29.5,43.2,100,88.4,0,99.9,100,84,44.7,29.2,8.3,48,62.3,12.4,0,22.4,27.5,80.1,77.6,81.8,94,94,31,31.3,91.3,0.5,41.5,41.5,46.7,37.5,49.5,0,56,66.6,49.5,42.3,38.1,13.5,54.8
"35",156,"CHN","China","Asia-Pacific",35.5,35.9,9.5,24,2.5,54.8,0,3.1,2.6,3.8,4.4,0,10.4,24.9,40.3,73.1,85.3,73.2,66,54.8,71.4,39.6,57.5,68.3,26.3,24.1,46,87.3,0,47.2,100,100,69,58.8,30.1,60.5,85.9,48.4,42.6,49,49,49,29.5,14.3,1.1,25.1,16.5,31.9,0,4.5,29.2,74.5,71.6,76.5,39.4,39.4,43.3,58.1,91.4,4.5,39.8,39.8,43.1,20.9,38.7,36.3,65.3,100,49.4,33.5,31.1,0,39.3
"36",170,"COL","Colombia","Latin America & Caribbean",49.4,56.4,55.5,97.2,51,75.6,67.6,54.1,53.5,81.2,64,97.1,14.3,0,53.5,57,67.1,52.7,52.1,39,82.6,46.2,0,42.9,51.3,62.9,55.5,84.9,100,100,64.3,99.4,59.3,47.4,28.8,48.2,78.4,28.1,61.8,31.8,20.2,11.3,45.2,39.6,37.6,40,58.8,23.1,57.9,49.2,9.4,59.7,62.1,58.1,65.3,65.3,27,30.3,56.8,8.8,42.2,42.2,49.2,65.1,34.9,4.6,21.5,97.2,49.2,41.5,40.6,9.3,65.8
"37",174,"COM","Comoros","Sub-Saharan Africa",37.9,44.4,49.9,70.1,23.3,100,NA,43.3,100,41.1,100,99.6,10.2,30.4,100,65.1,NA,NA,72.1,41.3,77.9,73.4,64.1,5.9,100,100,51.8,33.4,53.8,NA,37.8,25,50.6,45.1,100,77.8,40.7,9.5,83.9,2.8,0,0,41.2,46.8,70.9,6.7,54.9,79.6,89.6,82.1,85.9,25.8,24.1,26.9,39,39,28,69.1,0,1,25.2,25.2,3.4,29,35.1,NA,35.3,61.7,50,22.1,26.9,44.6,86.1
"38",188,"CRI","Costa Rica","Latin America & Caribbean",55.5,62.5,63.9,86.1,37.5,100,99.9,58.8,84.8,54.7,60.9,97.2,49.1,14,77.1,72.3,83.6,83.8,64,38.1,46.4,35.7,18,3.8,47.4,50.2,56,79.8,64.9,78.7,62.7,100,57,42.7,33,49.1,76.7,38.7,17.7,81.4,7.1,15.2,53.7,49.6,56.3,45.3,59.8,23.8,51.4,68.1,20.4,68,73.3,64.4,64.4,64.4,31.2,42.9,63.6,3.2,46.3,46.3,50.5,75.6,39.3,4.2,46.3,82.5,49.7,47.1,45.9,29.7,78.4
"39",384,"CIV","Cote d'Ivoire","Sub-Saharan Africa",42.5,48.9,56.3,NA,2.4,100,37.1,84.4,76.3,94,68.3,96.2,70.7,0,25.6,26.2,39.5,27.2,11.4,15.3,36.5,46.4,28.4,61.8,15.9,69.2,31,75.6,76.3,87.8,49.3,99.4,42.2,32.4,100,45.5,45.8,11.5,90.2,6.1,0,0,33.5,37,66.9,7,31.1,38.2,67.3,47.7,13.1,24.4,23.1,25.2,30.9,30.9,23.7,57,1.5,1.5,40.9,40.9,42.7,100,39.8,3.7,38.9,60.2,46,39.8,41,22.3,92.5
"40",191,"HRV","Croatia","Eastern Europe",62.6,72.8,69.8,66.7,33.4,55.3,55.8,84.6,100,95,63.2,52.5,63.6,78.4,34.5,61.7,NA,NA,69.4,48.7,49,62.1,61.5,68.5,61.9,63,33.8,91.1,37.3,56.4,100,100,67.9,61.5,56.2,78.2,71.1,77,39.8,96.5,80.9,20.6,51.7,40.6,29.3,52.8,36.2,34.9,41.9,55.2,37.2,85.4,91.1,81.6,68.1,68.1,39.1,31.6,96.8,17.8,56,56,52.9,45.8,90.5,46,40.2,94.1,51.1,52.7,47.5,28.9,68.1
"41",192,"CUB","Cuba","Latin America & Caribbean",52.3,49.8,43.4,80.8,33.9,26.4,40.8,39.2,41.7,71.9,98.1,97.1,0,21.6,46.5,66,73.8,65.5,66.6,49.2,53.6,81.4,31.4,99.1,88.9,89.8,63.7,78.8,24.6,32.5,84.5,93.1,47,45.7,71.2,54.5,43.2,20,3.7,18.7,24.3,24.6,52,52.5,62.8,44.9,55.1,22.1,56.9,76.3,43.1,58.8,59.8,58.1,45,45,23.5,25.8,49.9,7.9,56.4,56.4,62.3,88.7,62,3.8,60.4,55.9,51.5,58.9,59.6,33.6,90.1
"42",196,"CYP","Cyprus","Eastern Europe",54,57.2,51.6,7.8,16,36.4,37.6,69.3,100,59.9,25.2,37.1,73.4,60.2,76.2,60.6,NA,NA,60,55.3,74.5,43.6,10.9,26.4,74.9,51.3,0,83.3,0,0,100,100,35.7,9.2,27.7,48.6,57.6,70.8,61,83.5,62.5,62.5,62,55.9,37.1,87.2,30.4,21.8,40.5,67.7,42.4,86.7,87.5,86.2,67.1,67.1,31.7,19.9,85.4,16.6,42.6,42.6,48.6,35.1,30.3,33.8,35.9,52,54.5,45.2,39.6,33.4,55.6
"43",203,"CZE","Czech Republic","Eastern Europe",65.6,78,78.7,NA,NA,NA,63.2,96.8,69.9,98.4,65.7,31.2,89.6,68.1,8.6,22.5,NA,NA,17.1,38.6,17.1,NA,NA,NA,NA,NA,NA,93.8,59.3,66.8,100,100,74,58.5,73.5,70.6,90.9,80.2,27.3,84.7,84.8,96.8,58.8,50.4,37.7,69.7,38.4,27.1,40.4,54.1,53.2,80,89.6,73.6,80.9,80.9,51.2,23.4,100,54.5,52.2,52.2,57.8,39.4,63.4,36.3,69.1,65.9,54.6,53.3,43.3,18.6,59.5
"44",180,"COD","Dem. Rep. Congo","Sub-Saharan Africa",39,53.1,51.8,NA,59.6,NA,33.9,62.7,45.8,66.8,74.9,97.6,62.1,0,54.8,47.1,55.4,45.8,39,32.2,75.6,73,NA,100,18,100,51.3,100,100,100,100,100,39,37.5,100,57.8,27.6,10,100,0,0,0,13.8,8.2,0,5.1,16.3,53.9,28,26.1,0,25.7,24.1,26.7,27.7,27.7,23.9,58.2,1,1,40.1,40.1,51.8,100,29.3,3.8,42.1,40.9,47.1,30,45.5,16.4,98.3
"45",208,"DNK","Denmark","Global West",67.9,63.5,53.3,29,17.3,21.4,41.5,75.4,48,52.4,24.9,67.4,93.8,87.1,6.3,51,NA,NA,45.9,87,4.3,44.7,27.3,72.7,39.2,41.2,36.6,90.3,38.9,44.1,100,100,77.8,61.3,41,71.2,100,85.8,21.4,99.8,92,69.3,76.9,70.9,59,95.6,40.7,32,66.8,68.2,80.3,91,91.1,90.9,98.8,98.8,65.5,13.9,100,99.9,67.1,67.1,77.9,81.7,56.5,80.4,49.6,100,48.2,64.3,56.9,40.5,83.7
"46",262,"DJI","Djibouti","Sub-Saharan Africa",32.2,24.4,18.1,0,0,NA,0,6.8,4.4,2.1,100,100,39,81.3,42.9,NA,NA,NA,NA,NA,NA,96.4,NA,100,100,100,38.8,16.8,10.4,NA,17.1,17.7,65,59.3,42.4,86.3,63.6,14.8,74.1,14.5,3.2,3.2,28.9,29.2,33.2,16.8,34.3,30,60.5,61.6,56.9,25.8,24.4,26.8,34.5,34.5,29.1,71.6,0,1.1,47.9,47.9,51.4,100,37.1,NA,46.2,50.3,NA,43,46.5,44.4,88.9
"47",212,"DMA","Dominica","Latin America & Caribbean",49.2,40.6,27.8,0,3.2,78.3,NA,24.7,70.4,43,52.2,95.7,0,NA,100,56.4,62,NA,64.3,43.2,10,49.6,NA,33,100,24.9,37.6,68.1,39.8,NA,68.6,73.3,45.7,37.5,55.6,38,56.4,44.5,50.2,49.9,39.1,39.1,57.6,62,80.8,32.2,100,43,85,85.5,83.2,51.3,53,50.2,44.8,44.8,38.4,43.5,95.2,4.8,53.6,53.6,50.7,64.4,45.9,100,47.3,52.1,50.6,48.1,48.8,60.9,79.1
"48",214,"DOM","Dominican Republic","Latin America & Caribbean",47.6,56.8,57.6,82.6,43.5,50,56.8,51.8,69.9,95.3,34.6,91,12,56.7,67.9,61.1,68.8,82.1,39.9,37.3,41.8,95.7,86.6,100,100,100,54.6,51.7,46.2,53.1,43.5,60.8,78.7,85.4,68.8,55.4,82.5,25.2,27.2,20.9,32.8,9.7,43.2,46.3,53.9,37.1,66.9,19.5,58.2,64.7,29.9,42.4,42.8,42.1,30.5,30.5,18.3,35,7.1,7.1,37.3,37.3,45.2,54.9,34.3,3.8,24,24.9,50.7,40.4,38.9,20.7,67
"49",218,"ECU","Ecuador","Latin America & Caribbean",51.2,56.7,50.3,84.2,66.3,47.8,50.1,39.2,63.9,52.4,73.3,96,0,30.1,77.6,71.3,76.7,78.5,66.5,42.5,76.4,69.9,0,74,83.4,91.6,43.2,85.7,100,87.9,68.1,100,50.1,37.9,40.3,34.2,69.7,38.7,35.5,48.9,29.8,36.8,44.3,37.3,29.3,39.1,65.3,23.9,69.1,50.8,14.3,63.5,62.7,64,62.3,62.3,32.4,44.4,49.5,11.8,48.5,48.5,52.3,64.3,62.1,3.8,45.2,59.1,49,48.8,50.3,20.9,77.4
"50",818,"EGY","Egypt","Greater Middle East",43.8,51.7,47.4,30.2,27.5,100,22.5,41.7,42.7,44.6,82.8,98.7,68.7,90.1,64,NA,NA,NA,NA,NA,NA,32.4,41.9,34.5,31.2,23.3,64.9,73.3,0,0,76,100,48.9,54.1,73,44.4,43.5,57.1,18.8,91.8,32.1,56.7,33.3,31.7,10.3,58,26.3,20.8,3.5,27.2,38.3,53,50.3,54.8,1.9,1.9,25.2,53,6.8,6.5,40.4,40.4,43.8,49.3,46.1,10.6,60.2,51.3,32,40.7,40.9,5.5,71.7
"51",222,"SLV","El Salvador","Latin America & Caribbean",41.5,44.7,36.3,13.4,38.9,84.2,35,18.8,24.1,45.5,77.9,85.2,37,66.7,57.9,67,79.4,NA,67.6,41.8,40.2,21.6,0,22.6,30.9,18.8,55.3,85.1,54.4,55.6,82.3,100,62.3,55.8,53.3,50.1,74.7,21.2,50,37.4,2.5,2.5,29.8,22.9,10.3,27.3,45.9,32.9,35.6,48.3,2,50,48.7,50.9,39.6,39.6,27.4,40.5,53.1,1.4,46.4,46.4,40.8,66.7,79.8,3.7,78.2,45.9,51.1,44.2,44.9,30.5,85.3
"52",226,"GNQ","Equatorial Guinea","Sub-Saharan Africa",41.6,43.7,45.6,3.5,25.3,10.5,33.3,70.1,59.2,100,85.7,97.3,40,8.8,82.7,66.6,75.6,68.9,59.8,42.5,80,44.7,7.2,95.7,17.1,43.9,97.4,22.3,69.3,NA,18.5,16.8,43.7,34.5,100,64.9,39.4,34.8,52.8,34.8,31.1,31.1,33.3,32.4,14.9,37.1,32.1,95,66.4,53.5,18.3,35.3,36.3,34.7,39.5,39.5,26.4,64.7,0,1.4,45.5,45.5,54.9,59.9,55.9,3.7,54.9,0,49.2,48,47.7,35.6,69.9
"53",232,"ERI","Eritrea","Sub-Saharan Africa",28.6,25.1,16.8,0,0,NA,3.1,0,0,0,0,65.5,61.4,86.3,26.8,NA,NA,NA,NA,NA,NA,66,28.4,100,15.7,100,57.1,56.3,12,30.6,52.2,74.5,31.9,20.5,100,90.4,13.2,7.6,76.2,0,0,0,24.6,26.9,40.6,5.9,26.3,46.7,63.7,52.2,22.9,15.9,14.9,16.6,27.7,27.7,21.3,52.2,0,1,38.1,38.1,44.4,100,38,NA,40.5,29.2,0,24,43.9,34.3,84.8
"54",233,"EST","Estonia","Eastern Europe",75.3,76.6,78.8,94.9,82.6,69.3,48.4,95.9,66.2,95.6,88.2,92,95.2,43.3,12,28.9,NA,NA,25.9,35.8,30.3,70.4,73.2,56.6,90.2,69,27.7,91.5,46,52.5,100,100,71,51.6,54.7,68.7,92.8,72.2,25.7,83,82,36,63.9,60.9,69.3,55.4,77.8,22.8,37.3,62.6,70.6,71.9,70.4,72.9,68.8,68.8,65.1,34.4,98.7,79,82.8,82.8,100,100,100,49.1,45.3,100,49.6,78.9,69.6,100,99.1
"55",748,"SWZ","Eswatini","Sub-Saharan Africa",38.5,38.7,30.7,NA,NA,NA,35.2,17,14,26.6,79.5,98.1,39.6,26,65,44.6,NA,NA,49.1,34.9,41.3,NA,NA,NA,NA,NA,NA,75.3,69.5,82,62.8,87.7,51.7,26.4,100,71.8,64.6,14.5,65.7,11.9,6.4,6.4,21.9,22.5,24.5,12.1,23.6,62.9,36.5,40.9,16,18.1,17.3,18.7,25.6,25.6,22.8,55.8,0,1.2,52.9,52.9,42.6,75.3,81.1,NA,50.2,70.9,50.1,48.3,49.6,42.9,85.2
"56",231,"ETH","Ethiopia","Sub-Saharan Africa",35.8,45.9,46,NA,NA,NA,31.2,51.4,56.5,29,30.4,8.8,50,78.1,23.1,63.8,67.5,63.3,71.3,31.9,71.7,NA,NA,NA,NA,NA,NA,53.9,70.1,74.7,41.4,59.1,58.8,48.2,87.2,62.8,65.3,10.8,100,2,0,0,25.1,25.4,33,7.4,30.6,63.3,69.4,36,14,18.5,17.2,19.4,33.1,33.1,36.1,89.2,0,1,28.9,28.9,22.6,100,23.1,NA,18.8,43.2,41.8,23.6,34,8.3,84.5
"57",242,"FJI","Fiji","Asia-Pacific",45.8,36.9,16.2,4.3,16.9,99.5,0,7.5,8.1,5.5,59,99.3,0.1,64.9,38.4,75.3,87.6,NA,72.8,40.8,83.7,75.8,33.9,40.6,100,100,51.6,70.7,75,87.8,66.2,71,63,68.2,44.2,30.3,73,42.4,47.9,49.1,36,36,55.7,61.7,100,15.8,66.2,93.8,64.1,94.2,47.8,36.1,37.5,35.1,59.6,59.6,44.7,57.5,100,4.2,51.1,51.1,51,87.6,61.1,3.8,75,59.9,49.8,50.9,51,45.3,86.2
"58",246,"FIN","Finland","Global West",73.7,68.4,58.7,64.9,44.7,64.2,27.4,67.9,42.4,84,100,100,97,13.5,38.9,60.8,NA,93.2,31.6,41.3,50.9,90.4,80.8,95.8,91.4,100,25.6,92.8,51.6,62.3,100,100,66.6,37.7,50.4,59,100,84.5,32.4,100,85,72.6,85.6,82.2,81.9,95.3,79.6,20,69.3,66.9,76.7,95.2,93.5,96.3,99.3,99.3,68.4,21.5,100,99.4,71.8,71.8,73.7,68.5,100,64.5,54.4,100,49.3,66.6,56.9,100,87.5
"59",250,"FRA","France","Global West",67.1,68.4,61.6,48,58,44.1,71.5,71.6,83,68.4,45.3,0,46.2,72.8,27.6,58.6,NA,NA,65.3,49.3,43.5,43.2,20,39.9,51.5,48.9,44.7,92.8,60.8,53.1,100,100,72.8,63.7,57.4,59.8,88.6,84.2,33.8,100,82,80.3,71.5,65.2,49,91.5,57.5,19,62,60.6,57.4,85.9,86.7,85.3,94.8,94.8,59.6,23.9,100,75.2,61.3,61.3,60.9,59.1,69.1,73.3,70.1,100,51.1,59.1,53.6,12.8,77.7
"60",266,"GAB","Gabon","Sub-Saharan Africa",53.1,64.8,63.9,2.2,50,45,50.5,87.1,73.2,90.5,47.2,84.2,84.9,77.8,65.8,80.5,89.1,81.2,80.2,47.9,90.7,47.5,37.2,88.1,33.9,35,70.5,98.9,86.4,100,100,100,28.2,24.9,55.6,32.3,27.6,42.5,62.1,45.8,35.9,35.9,32.1,30.6,15.1,35.1,42.2,67.4,69.4,48.6,8.8,34.1,31.9,35.6,41.4,41.4,29,71.1,0,1.4,52.8,52.8,57.5,71.8,81.4,3.8,55.1,81.8,49.8,47.3,47.8,32.3,67.6
"61",270,"GMB","Gambia","Sub-Saharan Africa",37.1,35.5,38.3,0.7,56.4,NA,40,30.9,25.3,15.5,52.2,99,87.3,41.8,0,49.9,NA,NA,55.4,37.3,48,91.1,NA,100,73.9,100,78.9,26.4,51.2,65.7,18.9,21.1,33.7,15.4,96.6,55,37.8,9.5,92.6,0.7,0,0,40,46.9,93.2,5.2,28.9,58.3,29.8,51.9,29.7,24.9,23.6,25.8,23.4,23.4,32.6,80.4,0,1,37.2,37.2,26.6,99.3,43.7,NA,44.5,52,0,33.8,41.5,40.1,94.5
"62",268,"GEO","Georgia","Former Soviet States",46.9,50.2,44.3,46.4,14.3,67.3,28.5,28.7,36.5,31.9,89,98,76.6,85.7,53.8,85.1,NA,84,97.4,61.6,77.9,61.2,NA,38.1,67.6,76,17.9,73.9,47.3,56.9,68,88.5,26,19.2,51.7,42.1,24,38.2,51.3,37,37,34.5,42,34.5,39.9,25.5,41.8,26.5,44.8,65.3,35.2,70.6,66.6,73.3,37,37,36.6,42.8,88,4.6,46,46,38.1,32.7,81.7,19.7,77.8,88.2,52.1,40,38.7,27.7,63.4
"63",276,"DEU","Germany","Global West",74.6,80.5,82.5,85.3,95.1,43.2,76.3,98.3,100,76.7,15.9,0,91.6,71.9,18.5,38.5,NA,NA,37.1,49.9,22.8,36.4,0,48.6,26.6,49.6,52.8,92.6,51.7,58.9,100,100,78.8,67.1,51.3,65.4,98.4,90.9,25.7,99.3,97.3,97,75.4,66.9,50,96.7,43.5,26.9,62.1,61.3,60.4,97.9,97.7,98.1,94.6,94.6,67.4,19.7,100,98.9,64.9,64.9,68.3,56.9,87,55.7,85.7,97.8,52.1,62.6,53.4,14.9,78.4
"64",288,"GHA","Ghana","Sub-Saharan Africa",36.6,46.9,45,0,0.1,56.7,40.8,79.2,49,90.4,69.4,92,45.5,42.1,16.9,25.1,35.9,NA,8.5,24.5,45.2,58.6,45,22.2,72.7,78.4,35.8,78.3,68.5,84.6,57.4,100,70.7,51.9,100,64.9,89.4,14.5,65.5,12.1,6.3,6.3,31.9,32.4,49.5,9.4,35.9,55.6,60,39.6,17.4,27.4,26.6,27.9,39.5,39.5,31.3,59.9,27.5,4.7,24.7,24.7,26.5,65.8,9.1,4.1,30.4,26.9,49.2,23.6,25.9,16.6,82
"65",300,"GRC","Greece","Eastern Europe",67.4,67.9,62.7,72.2,39.7,47.2,36.5,56.5,100,85.2,75.6,18.5,56.6,85.1,44.8,58.2,NA,NA,60.7,48.1,66.1,47.8,30.2,46.2,49.7,51.1,73.6,88,24,38.4,98.7,100,61.4,52.2,100,50.1,72,85.4,18.1,94.7,94.7,78.1,61.9,53.8,41.2,73.7,44.8,26.6,37.4,63.3,45.9,92,85.3,96.4,67.3,67.3,39.4,26,100,22.4,71.3,71.3,69,64.8,96.8,58,69.1,100,52.7,66.7,60.8,100,89.9
"66",308,"GRD","Grenada","Latin America & Caribbean",46,40.4,21.4,0,3.4,100,NA,14.2,27.3,60.6,28.3,74.6,0,NA,81.5,63.1,NA,NA,76.2,40,44,84,NA,50.8,100,100,24.6,76.5,42.5,NA,87.3,72.6,51,50.6,55.8,21.6,63.3,46.8,23.4,55.6,44.5,44.5,66.1,74.4,100,47.1,82.7,51.7,88.4,84.7,92.3,55.2,55.7,54.9,36.9,36.9,38.8,48.3,96.8,0.2,36.7,36.7,39,36.9,43.6,20.3,50.2,50.7,51.5,30.3,29.9,50.5,56.1
"67",320,"GTM","Guatemala","Latin America & Caribbean",32.6,38.6,36.8,53.8,19.2,20.6,57.6,33,66.6,35.6,46,88,7.7,0,78.7,33.3,41.1,32.2,29.5,19.8,38.5,39,32.3,35.2,44.1,38.2,54.8,49.8,80.9,60.9,37.8,53.4,56.8,64.7,44.3,49.5,53.1,28.7,25.3,35.5,23.9,23.9,24,20.1,10.9,15.8,59.5,38.6,37.9,43.1,0.7,31.4,31.8,31.1,38.2,38.2,24.3,58.6,1.7,1.3,30.6,30.6,33.3,56.1,26.7,3.8,32.2,17.2,48.2,32,33.3,19,73.2
"68",324,"GIN","Guinea","Sub-Saharan Africa",36.2,47.4,61.4,81.4,7.7,100,67.1,65,95.6,69.6,33.4,91.1,65.6,25.4,65.7,30.6,56.4,NA,5,8.3,48.8,38.2,55.4,28.6,25.6,43.7,48.7,33.8,66.9,85.6,28.7,22,45.9,41,100,81.4,31.6,9.6,95.7,0,0,0,32.4,36.8,67.4,4.6,27.6,62.4,62.7,38.9,4.5,20.1,19,20.8,23.2,23.2,39.3,95.5,1.8,1.8,22.2,22.2,7.1,49.3,26.6,3.8,22.2,56,48.3,16.8,31.4,20.6,73
"69",624,"GNB","Guinea-Bissau","Sub-Saharan Africa",41.6,44.8,54.2,47.7,21.4,100,63.3,79.4,87.9,23.4,46.2,96.7,70.4,0,56.6,33.7,50.9,NA,17.3,11.8,56.3,67,49.2,100,14.4,100,19.5,35,45.3,64.3,35.9,26.1,42.2,28.2,67.5,76.3,40,10,100,0,0,0,35.4,42.9,83.5,3.2,24.4,71.3,51.6,51.4,14,19.8,19,20.4,16,16,25,61.5,0,1,41.8,41.8,39.2,100,37.1,NA,43.6,67.9,48.8,29.3,43.6,39.6,88.8
"70",328,"GUY","Guyana","Latin America & Caribbean",48.6,56.2,56.1,NA,0,NA,96.9,38.3,27.8,100,71.3,98.5,59.4,79.8,41,79.8,89,74.6,84.4,48.2,95.8,31.1,50.9,29.6,22.5,25.9,57.8,61.2,100,87.1,47,62.4,74,55.3,100,51.4,100,27.3,52.7,29.8,20.3,20.3,55.8,65.4,100,27.5,100,37.1,99.3,77.2,16.1,42.2,43.5,41.4,20.3,20.3,31.1,49.6,55.1,0.5,30.6,30.6,19.6,0,59.9,NA,44.9,39.6,49.6,30.3,24,32.8,35.5
"71",332,"HTI","Haiti","Latin America & Caribbean",36.2,36.8,30.6,52.6,26.8,50,45.4,21.2,25,30.9,0,62.9,10.5,22.2,67.7,51.4,53.3,NA,52.6,48.5,40.1,86.8,47.1,NA,100,100,47.2,55.7,22.9,31.6,57.9,64.8,50.6,27.5,52.9,98.3,53.7,10.7,89.9,4.2,0,0,22.1,25,38.4,3.4,35.9,14.4,75.9,59.9,33.8,18.1,17.4,18.6,8.4,8.4,21.6,52.3,1.2,1.1,47.7,47.7,51.2,100,42.2,NA,47,42.4,48,42,48,30.2,94.3
"72",340,"HND","Honduras","Latin America & Caribbean",40.2,49,51,76.9,25.6,11.1,64.7,61.9,60.2,85.3,39.9,95.3,16.7,0,77.5,20.2,27.1,0,25.5,35,44.7,45.3,29.2,37.4,53.1,55.1,18.3,87.8,74.4,89.8,77.9,100,38.6,34.9,40.5,41.3,40.9,28.3,47.1,34.7,19.5,19.5,22.8,18.7,14.5,11.5,33.1,41.1,54.5,61.9,0,37.8,36.1,38.9,18.7,18.7,25.7,50.5,25.3,1.2,41.2,41.2,44.1,77.7,38.4,3.8,34.1,84,48.6,37,41.4,24.8,79.8
"73",348,"HUN","Hungary","Eastern Europe",60.1,73.8,67,NA,NA,NA,38.1,83.3,75,83.6,8,38.5,71.6,77.2,6.3,50.1,NA,NA,47.4,70.6,22.5,NA,NA,NA,NA,NA,NA,93.3,56.8,62.9,100,100,69.2,67,89.7,75.6,67.1,87.1,49.3,83.5,97.9,96,48.1,38.7,35.5,43.6,30.8,27,31.8,58.3,49.8,74,76.9,72.1,61.9,61.9,51.7,32.7,98.3,47.3,49.2,49.2,47.5,37.4,73.3,33.7,37.2,100,53.6,46.4,41,19.4,58.4
"74",352,"ISL","Iceland","Global West",64.3,60.9,54.8,46.1,29.2,40.9,63,49.7,47.6,32.2,100,99.7,62.5,100,100,NA,NA,NA,NA,NA,NA,47.5,39,78.5,30.9,45.1,48.1,89.8,46.6,54.6,95.2,100,36.5,0,28.9,46.8,69.4,76.7,20.4,86.9,79.7,79.7,89.3,89.7,100,96.6,58.8,29.6,87.8,75.2,95.8,95.2,93.7,96.2,95.7,95.7,39.3,21.2,84.9,34.7,48.2,48.2,49.9,28.4,50.9,45.8,49.2,100,NA,48.2,35.8,38.8,46.2
"75",356,"IND","India","Southern Asia",27.6,30.5,11.4,1.9,0.2,100,0,0.9,0.7,0.8,88,94.5,0,61.1,15.7,73.8,71.9,90.4,63.6,56.6,70.9,37,81.3,58.9,16.8,19.5,40.8,55.3,25.1,22,66.4,57,65.1,51.6,39.4,45.8,88.8,29.9,71.8,32.7,19.2,19.2,13.3,6.8,0,10,0,37.9,8,0,17.8,25.6,25.3,25.8,28.2,28.2,31.8,65.6,9.3,9.3,35,35,37.1,42.6,39.2,18.3,31.2,56.8,49.2,31.1,34.9,0,70.6
"76",360,"IDN","Indonesia","Asia-Pacific",33.8,39.3,31.5,28.6,13,96.1,14.9,43.2,38.2,43.7,77.8,97.4,19.6,0,91.8,52.7,65,60.9,31.8,36.9,66.1,39.9,60.3,58.3,26.3,31.7,31.1,46.2,92.6,62.3,38.9,41,72.2,52.5,49.3,59.3,99.3,36.9,39,45.2,29.8,29.8,25.7,22.8,23.2,17.5,28.6,47.1,17.6,40.1,8.8,33.4,36.6,31.3,30,30,26.7,48,31.1,3.1,32.1,32.1,34.7,30.7,25.9,8.5,21.3,100,44.2,28.9,29.6,0,55.3
"77",364,"IRN","Iran","Greater Middle East",41.6,45.9,42.9,66.4,22.2,100,10.1,25.4,23.2,68,65.5,80.2,54.2,69.6,44.9,NA,NA,NA,NA,NA,NA,63.3,76.5,62.6,58.4,67.8,20.2,70.7,2.4,5.2,80.1,88.1,37.8,31.6,83.7,50.2,35.1,28.7,51.8,31.5,21.8,21.8,41.6,36.9,15.8,66.6,29.3,21.8,6.7,22.9,22.6,65.6,61.5,68.3,26.8,26.8,31.7,52.4,19.8,17,35.1,35.1,44,22.6,35.4,14,35.9,68.7,53.4,30.5,30.4,0,37.5
"78",368,"IRQ","Iraq","Greater Middle East",30.4,33.1,20.2,0,0.4,NA,8.8,12.8,4.9,17,68.1,78.2,31.6,87.1,38.3,NA,NA,NA,NA,NA,NA,72.7,NA,68.2,75.8,76.8,47.1,57.3,0,9.6,51.1,84.6,49.6,31.5,52,84.2,53.2,44.1,55,28.9,60.5,28.2,32.6,27.7,4.2,51,35.8,24.1,10.7,33.4,23.2,57.7,58.2,57.3,24.3,24.3,8.6,16.7,0,4.8,24.6,24.6,38.7,26.8,12.1,5.5,24.7,48.1,0,19,25.5,4.1,36.7
"79",372,"IRL","Ireland","Global West",65.7,67.5,62.9,33.1,46.9,60.7,46.8,93.8,47,70.3,66.9,95.5,60.5,97.7,72.9,NA,NA,NA,NA,NA,NA,40.6,14.6,43.6,28.9,56.8,52,87.3,22.4,25.3,100,100,72.9,46.6,23.5,80.9,100,73.8,10.4,94.8,63.6,94.3,79.8,76.8,67.1,93.5,85.4,25.6,61.3,72.5,83.4,88.4,82,92.7,93.2,93.2,60.7,19.8,98.7,82.6,51.1,51.1,50.5,32,51.5,80.9,47.9,100,52.5,51,36.9,20.5,48.3
"80",376,"ISR","Israel","Greater Middle East",48.1,43.6,30,0,50,100,18.7,34,69.5,23.3,46.2,92.1,10.7,0,47.7,NA,NA,NA,NA,NA,NA,27.5,NA,25.4,22.1,25.6,75.5,65.2,18.3,32.4,46.4,100,45.3,24.5,51.6,45.2,65.6,90.5,32.9,97.9,97,92.3,62,53.7,33.3,88.5,41.6,24,0,26.9,41.4,80.2,77.9,81.7,100,100,37.1,19.2,100,23.5,43.3,43.3,60.6,51.5,2.1,14.6,42.7,95.2,11.4,48.9,41,18.6,55.8
"81",380,"ITA","Italy","Global West",60.5,63.4,58.9,66.8,41.8,45.3,55.4,57.6,72.1,71.9,70,44.7,57.8,59.4,34.4,55,NA,NA,61.3,48.5,36.5,34,11.3,48.8,35.5,30.1,63.1,89.5,32,41.9,100,100,56.4,41.7,43,61.2,70.3,73.9,28.5,86.9,70,82.6,63.9,52.3,31.7,79.4,38.6,34.3,50.8,54.7,44.8,98.2,95.6,100,79.6,79.6,57.5,28.1,90.9,70.2,53.2,53.2,55.9,45.4,51.9,40.5,56.7,100,52.9,54.6,48,9.2,67.6
"82",388,"JAM","Jamaica","Latin America & Caribbean",48.5,49.7,38.9,76,20.3,50,44.5,32.4,63.4,58.1,52.2,52.2,0,0,77.8,68.7,83.2,NA,64.3,45.6,50.1,83.2,20.6,88.5,100,100,47.5,77.4,19.1,22.6,77.5,100,55.1,54.4,42.5,55.6,56.6,40.5,49.1,46.8,33.7,33.7,39.5,35.8,35.9,29,50.9,33.8,41.2,67.3,43.4,53.8,53.4,54.1,42.7,42.7,25.5,37,50.5,1.4,54.3,54.3,58.8,75.3,54.4,24,51.8,41.1,50.2,56.8,58.1,41.5,90.2
"83",392,"JPN","Japan","Asia-Pacific",61.7,59.9,47.5,42.9,58.7,37,25,58.9,95.1,26.9,68.8,78.5,17.7,43.3,72.5,80.1,NA,98,76.4,47.3,57.4,48.5,49.8,44.2,40.7,54.5,58.4,86.4,17.9,18.6,100,100,63.3,50.3,25.1,38.5,89.8,78.4,24.6,91.7,80.6,70.7,67.4,59.9,42.2,86.7,62.9,17.7,33.9,58.9,43.9,78.7,80.5,77.5,100,100,73.6,39.6,100,94.4,59.7,59.7,63.1,48.4,72.3,40.6,63.3,100,50.5,61.1,52.8,10,76.9
"84",400,"JOR","Jordan","Greater Middle East",47.5,50.1,32.9,NA,0,NA,31.6,13.5,12.2,14.9,57,87.1,87.4,62.3,64.5,NA,NA,NA,NA,NA,NA,95.7,NA,100,100,100,26.1,85.5,4.6,21.1,100,100,38.1,31.1,88.4,49.9,35.9,73.3,54.3,63,91.2,62.1,46.6,42.9,20.4,74.2,41.1,18.6,0,32.3,36,64.3,65.6,63.5,42.8,42.8,27.3,47.4,29.4,6.2,44.6,44.6,58,78.1,15.7,3.8,42.4,100,0,45.3,47.1,24.3,78.7
"85",398,"KAZ","Kazakhstan","Former Soviet States",47.5,49.2,50,87.6,41.7,50,12.6,58.3,32.6,34,31.9,16.1,62.3,88.9,22,NA,NA,NA,NA,NA,NA,NA,NA,NA,NA,NA,NA,61.7,42.1,54.2,55.5,73.4,44.7,37.4,95.1,66.4,38.7,32.6,0,56,13.2,48.9,50.8,44.5,48.2,45,22.4,41.6,33,64.5,53.1,73.1,68.4,76.3,58.6,58.6,30.8,47,34.2,13,42.3,42.3,51,25.1,44.1,41.9,20.4,96.4,45,38.9,31.1,8.1,40.1
"86",404,"KEN","Kenya","Sub-Saharan Africa",36.9,49.1,43.9,58.6,20.3,59.9,38.4,54.4,40.2,54.6,31.2,5.5,24.9,80.7,15.2,NA,NA,NA,NA,NA,NA,77.1,78.7,70.9,90.6,78.2,21.4,72.6,70.2,74.9,45.1,100,44.2,44,44.9,83.8,27.8,38.7,48.5,8.5,76,0,27,25,32.4,8.8,31.1,64.5,48,26.5,17.4,21.2,20.1,22,45.7,45.7,51.8,87.7,73.4,5.2,26.5,26.5,24,73.3,17.2,24.2,13.2,30.1,46.7,24.6,29.3,11.8,76.9
"87",296,"KIR","Kiribati","Asia-Pacific",44.1,45,31.4,23.6,8,100,NA,NA,58.3,29.7,NA,NA,18.9,NA,100,NA,NA,NA,NA,NA,NA,91.4,94.1,82.2,100,100,16.4,81.1,94.3,NA,89.9,69.7,58.6,23.8,100,77.8,81.9,19.5,81.9,20.4,6.3,6.3,46.2,54.5,100,5.1,14.6,72.9,100,97.6,100,21.6,21,22,50.3,50.3,18.8,42.3,0,4.7,40.9,40.9,37.9,95.7,30.2,NA,37.8,66.7,NA,31.7,40.3,62.8,96.6
"88",414,"KWT","Kuwait","Greater Middle East",44.9,54.8,50.6,0,7.4,100,44.2,71.5,55.3,86.8,87,99.8,55.3,67.5,49,NA,NA,NA,NA,NA,NA,23.3,NA,0,25.8,29.1,63.6,51.8,0,0,44.9,79.3,59,37.1,7.7,75,78.4,87.4,30.9,100,88.7,88.7,50,41.5,7,82.5,62.4,9,0,30.2,11.1,76.5,81.5,73.1,60.3,60.3,42.6,17.2,59.6,59.6,24.9,24.9,38.6,4.7,42.6,5.8,29.9,75.5,NA,22.1,1,9.7,0
"89",417,"KGZ","Kyrgyzstan","Former Soviet States",42.2,43.3,36.5,NA,NA,NA,36.3,13.7,11.7,13.7,64.1,74.8,63.6,83.9,40.8,NA,NA,NA,NA,NA,NA,NA,NA,NA,NA,NA,NA,77.3,2.6,27.6,100,79.4,51.9,39.5,59.9,51.8,63.6,22.7,75.9,26.9,8.7,8.7,36.7,30.6,45.7,14.2,21.5,25.5,38.8,61.9,45.8,59.4,54.8,62.4,43.1,43.1,14.8,33.9,0,3.2,45.4,45.4,56.2,89.6,22,NA,35.2,52.4,47.6,39,45.9,28,79.1
"90",418,"LAO","Laos","Asia-Pacific",26.1,40,50.8,NA,NA,NA,32.9,66.2,63,63.2,74.4,97.3,43.4,0,90.5,24.5,40.4,25.7,2,14.2,55.8,NA,NA,NA,NA,NA,NA,16.2,56.1,55.5,16.6,0,78.5,78.1,45.5,72.2,84.4,20.9,51.2,24.7,11.8,11.8,19.2,13.7,9.9,6.8,22.2,49,49.4,34,0,32.3,30.9,33.3,21.9,21.9,42.6,94.9,12.1,5.5,9.6,9.6,0,0,28.8,NA,24.4,52.3,48,0,0,16.5,27.6
"91",428,"LVA","Latvia","Eastern Europe",59.9,68.6,68.3,86.8,42.9,37.2,42.6,84.2,60.4,95.2,71,55.7,96.3,44.2,11.3,31.8,NA,NA,26.5,50.7,20.6,69,34.4,54.9,87.4,81.2,51,82.4,46.8,52.1,100,77.9,64.4,60.3,52.3,73.4,65.8,69.8,22.2,77.3,76.9,59,52.8,45.1,37.8,45.1,70.5,30.6,56.6,59.3,67.5,75.1,73.8,75.9,68.1,68.1,42.8,24.7,84.4,40.1,52.4,52.4,52.4,51.7,73.1,48.1,43.5,60.7,49.1,51.3,46.5,33.7,67.2
"92",422,"LBN","Lebanon","Greater Middle East",40.1,38.1,24.1,5,0,50,14.9,4.3,6.2,4.3,42.6,79.2,87.6,63.2,49,48.5,NA,NA,45.7,60.8,37.5,96.2,NA,94,100,100,60.2,62.5,23.2,27,68,72,50.6,44.6,52.7,37.5,61.8,47.3,38.6,55,42.8,42.8,46.3,40,27.4,62.1,35.5,0,10.1,33.5,45.7,63.2,73.2,56.6,62.4,62.4,36.6,40,57,23,38,38,47.8,39.3,22.3,4.5,38.2,67,45.5,37.3,37.7,23.1,56.2
"93",426,"LSO","Lesotho","Sub-Saharan Africa",36.6,46.3,60.4,NA,NA,NA,25.6,60.1,69.9,66.6,64.1,77.2,80.9,53.2,79.7,59.6,NA,NA,64.8,53.3,45.9,NA,NA,NA,NA,NA,NA,35,54.7,61.4,29.6,31.3,34.3,11,73.9,84,33.5,9.6,84.8,2.9,0,0,12.8,11.8,6.1,4.3,15,68.4,15,47.7,20.2,9.4,8.9,9.8,16.1,16.1,40.4,100,0,1,41.7,41.7,43.7,67.5,55.8,0,60.9,60.2,0,32.5,49.3,38.2,85.4
"94",430,"LBR","Liberia","Sub-Saharan Africa",34.1,30,26.5,NA,4.5,100,24.6,15,12.7,10.3,55.9,96.9,72.4,0,69.5,42.4,49.2,68.4,6,32.1,47.8,68.8,49,96.2,21.1,99,45.7,34.1,69.8,91.6,26.8,22.7,34,22.2,70.6,49.8,36.2,9.9,99.1,0,0,0,36.3,43.2,76.9,5.6,33.7,73.6,79.8,51.7,16.2,18.7,18,19.1,25.5,25.5,28.2,69.6,0,1,38.4,38.4,39.9,100,21,NA,35.2,55.7,48.4,28.4,40.3,36,96.1
"95",440,"LTU","Lithuania","Eastern Europe",63.9,74.3,74.8,61.1,100,68.8,41.7,94.5,56.5,86.9,50.2,41.8,96.8,77.5,0,45.9,NA,NA,38.6,79,16.4,80.1,NA,74.4,81.2,89.8,28.9,83.2,50.8,57.1,78.2,100,67,61,78.5,76.1,68.3,73.8,35.2,79.8,77,75.9,58.8,53.2,45.2,58.4,73.8,29.5,50.9,60.4,69.7,72.5,70.4,73.9,71.5,71.5,61.3,28.1,93.5,78.3,52.4,52.4,48.9,40,100,45.8,55.5,41.9,48.6,50.9,43.9,28.8,61
"96",442,"LUX","Luxembourg","Global West",75,83.6,84.9,NA,NA,NA,89.6,100,100,89.2,0,0,93.2,66.4,32,46.1,NA,NA,51,51.4,11,NA,NA,NA,NA,NA,NA,94.3,61,70.2,100,100,62.8,44.8,35.1,80.3,75.9,92.4,40.8,99.4,99.4,87.8,74.6,67.1,52.9,94.5,45,23.1,68.2,58.6,58.5,93.2,93.2,93.2,97,97,63.8,13.6,99.8,95.9,62.4,62.4,67.4,49.3,68.7,53.2,78.6,100,49.6,62.5,48.4,47.5,74.1
"97",450,"MDG","Madagascar","Sub-Saharan Africa",29.9,27.7,27,19.8,14.8,55.2,34.5,38.9,24.3,24.5,68.3,91.1,14.9,0,75.2,23.5,33.8,20.6,11.3,20.5,46.3,49.3,33.1,54.9,51.1,52.3,45,31.2,71.2,85,24.9,18.7,48.2,42.6,100,80.6,36,10,100,0,0,0,26.5,30.8,49.6,3.5,31.4,47.1,85.7,64.2,18.2,12.9,12.1,13.5,23.9,23.9,25.7,63.4,0.6,0.6,36.1,36.1,34.1,100,38.8,3.8,75,8.2,48.9,29.9,44.7,22.2,92.4
"98",454,"MWI","Malawi","Sub-Saharan Africa",34.9,53.8,68.3,NA,NA,NA,63.9,81.4,77.6,79.9,24.5,90.9,37.6,86.5,17.1,28.2,30.7,NA,26.4,10.6,57.3,NA,NA,NA,NA,NA,NA,47.5,84.8,98.2,35.3,42.2,46.6,43.6,56.3,65.8,40.8,29.4,100,16,32.5,0,20.8,20,21.4,5.3,36.9,48.8,64.6,45.5,15.8,17.1,16,17.8,29.9,29.9,33.9,83.7,0,1,17.7,17.7,15.3,100,2.7,3.8,0,66.3,42.9,5.9,17.7,22.9,90.3
"99",458,"MYS","Malaysia","Asia-Pacific",41.2,39.7,28.8,6.2,12.4,86.1,14.6,57.7,42.8,40,80,96.7,0.1,0,100,41,49.9,55.9,14.5,31.1,50.1,52,51.5,87.8,39.4,41.3,48.7,60.7,88.9,53.8,68.6,48.6,63.6,63.9,45,19.7,83.2,48,33.2,83.1,22.9,22.9,45.7,43.2,33.7,60.2,35.1,29.5,37.5,46,0,54,57.7,51.6,51.3,51.3,35.4,32.7,47.2,32.2,39.9,39.9,41.3,17.5,44,43.5,64.3,90.2,44.8,36.2,29.2,5.1,36
"100",462,"MDV","Maldives","Southern Asia",38.1,39.4,12,0,1.3,26.8,NA,NA,5.9,0,NA,NA,47.3,NA,NA,72.9,70.1,NA,84.5,52,NA,90.5,52.2,99.5,100,100,54.9,65.9,NA,NA,58,73.8,55.8,46.4,73.4,77.8,54.5,40.6,38.4,45.4,37.1,37.1,48,47.8,44.2,40.4,21.6,96.9,97.2,74.5,93.5,51.9,61.3,45.7,57.3,57.3,13.4,29.4,2.7,2.7,27.9,27.9,30.4,18.5,15.9,NA,28.3,38.5,50,25.2,23.5,40,54.6
"101",466,"MLI","Mali","Sub-Saharan Africa",33.9,43.2,50.8,NA,NA,NA,15.9,71,19,16.6,22,92.2,92.9,85.4,26.3,NA,NA,NA,NA,NA,NA,NA,NA,NA,NA,NA,NA,36.7,56.4,91.2,26.3,32.2,66.4,47,100,99.2,69.4,8.9,89.4,0,0,0,37.5,44.7,88.3,5.5,19.8,48.2,82.6,54.6,8.4,18.3,17.3,19,27.3,27.3,30,74,0,1,16.5,16.5,4.6,50,11.9,3.8,7.8,65.4,45.5,6.4,25.3,16.3,70.3
"102",470,"MLT","Malta","Global West",66.6,65.5,67.7,99.3,57.9,36.8,NA,34.6,95.2,99.8,0,0,75.1,NA,26.7,NA,NA,NA,NA,NA,NA,56.9,33.6,33.2,74.4,73,21.8,83.3,0,0,100,100,43.5,16.4,21.6,39.5,74,51.9,18.5,100,0,100,72,69.9,69.9,83.4,42.6,27.4,48.2,70.5,80.9,91.7,88.9,93.6,63.7,63.7,27.1,14.7,93.1,6.5,63.6,63.6,67.2,78.7,34.7,44.7,79.7,100,100,63.6,59.8,57.7,89.7
"103",584,"MHL","Marshall Islands","Asia-Pacific",42.6,34.9,13.4,0.2,5.1,100,NA,3.8,2.9,0,NA,NA,39.6,NA,93.1,NA,NA,NA,NA,NA,NA,86.9,56.2,70.6,100,100,NA,83,88,NA,92.5,72.5,77.8,NA,NA,77.8,NA,39.8,54.9,47.2,30.8,30.8,55.4,63.4,100,8,100,78.4,100,93.9,100,36.5,36.2,36.7,44.2,44.2,36.4,57.9,22.1,22.1,41,41,46.7,41.7,17.5,NA,28.3,69.9,NA,33.9,41.8,61.2,67.9
"104",478,"MRT","Mauritania","Sub-Saharan Africa",34.2,33.7,36.2,45.4,20.7,100,0.9,5.2,2,52.3,NA,NA,90.4,80.4,58.3,NA,NA,NA,NA,NA,NA,77.1,60.5,54.4,81.7,95.9,63.2,23,34.5,56.1,14.4,22.7,42.1,21.5,62.4,95.7,38.7,11.9,90.8,7.1,0,0,46.3,53.5,100,11.8,42.4,35.2,69.4,68.8,30.7,27,25.7,27.9,40.8,40.8,30.1,71.6,4.5,1.4,24.8,24.8,17.9,32.5,34.7,3.8,36.2,42.5,0,22.9,31.5,25.5,61.5
"105",480,"MUS","Mauritius","Sub-Saharan Africa",47.3,34.3,14.6,0.8,17.1,1.7,NA,11,15.7,6.7,100,99.7,0,NA,75.8,NA,NA,NA,NA,NA,NA,75.7,16.1,70.9,87.2,94.6,83.7,69.6,47,NA,77.7,66,68.6,92.4,45.6,17.6,67.9,36.9,51.6,28.1,40.9,40.9,69.8,75.8,88.5,56.4,100,60.9,79.9,92.1,99.8,61.4,61.2,61.6,57.6,57.6,34.8,34.3,100,2.7,45.8,45.8,50.1,49.2,47.1,24.4,51.6,73.5,48.1,43.8,40.9,35.2,62.4
"106",484,"MEX","Mexico","Latin America & Caribbean",44.7,47.7,32.5,55.5,48.6,53.7,18,28.3,46.5,30.7,34.7,77.9,0,8.2,82,48.8,52,45.1,47.5,43.8,68.2,38.4,52.8,31.7,34.9,39,35.6,89.1,54.7,55.1,100,91.9,56.8,48.5,50.1,50.1,68.5,71.5,35,91.7,67.5,43.4,36.9,29.7,27.5,34.4,36.9,22.2,0,40.7,10.6,58.6,59.6,58,49.1,49.1,26.3,31.3,59.6,4.7,46.4,46.4,51.2,46.1,46.3,24.9,38.2,100,47.9,45.4,42.8,1.5,61
"107",583,"FSM","Micronesia","Asia-Pacific",40.6,27.6,5,0,0,88.5,NA,0,0,0,NA,NA,0,NA,100,NA,NA,NA,NA,NA,NA,85.3,66,64.8,100,100,49.2,76.6,86.6,NA,81.6,69.7,47,24,100,1.7,84.4,24.8,57.1,27.6,16.1,16.1,56.5,64.8,100,8.5,100,100,100,94,100,39.3,39.3,39.3,45.8,45.8,21.8,49.5,0,4.9,44.4,44.4,45.2,71.6,37.8,NA,37.9,58.1,62,34.3,43.5,58.9,84.2
"108",498,"MDA","Moldova","Former Soviet States",45.6,48.4,53.3,NA,NA,NA,16.2,68.4,35.3,52.9,NA,NA,91,58.8,0,NA,NA,NA,NA,NA,NA,NA,NA,NA,NA,NA,NA,54.2,44,48.7,60.3,51.3,49.9,55.9,66.1,66,35.8,23.3,0,36.1,18.1,16.6,40.6,34.5,35.3,23.4,57.9,37.3,32.1,65.2,64.7,62.2,59,64.3,51.2,51.2,16.2,21.7,31.8,2.9,45.4,45.4,43.2,51.9,71,23.3,29.6,61.5,55,42.2,42.4,32.8,72.7
"109",496,"MNG","Mongolia","Asia-Pacific",37,54.4,63.4,NA,NA,NA,26.5,82.5,59.2,73.4,26.8,63.3,84.9,58.5,29.3,NA,NA,NA,NA,NA,NA,NA,NA,NA,NA,NA,NA,48.2,21.1,41.7,54.4,48.6,29,0.2,28.2,88.1,33.2,44.1,42.1,53.5,36.9,36.9,28.3,17.8,0,20.5,41,33.4,23.6,67.5,56.7,61.8,58.3,64.1,41.8,41.8,12.3,24.3,0,6.4,17.6,17.6,38.2,10.1,8.1,5,23.4,39.6,50.6,0,8.8,14,1.8
"110",499,"MNE","Montenegro","Eastern Europe",47.6,50.2,42.1,14.5,0,75.1,65,47.1,42.5,50.4,84.1,86.9,48.2,53.2,40.5,67.9,NA,NA,79.2,40.9,65,47.9,NA,46.4,47.4,49.7,44.6,87.3,24.7,22.7,100,100,43,17.3,12.7,64.1,62.4,44.1,43.8,61,30.6,30.6,48.5,35.3,32.4,28.4,57.7,43.2,43.6,64.3,42.3,97.5,100,95.8,56.1,56.1,12.7,25.6,4.1,4.1,43.1,43.1,44.6,37.5,39.4,20,51.5,83.7,52.7,41.8,38.8,39.3,58.3
"111",504,"MAR","Morocco","Greater Middle East",39.7,40.7,30.4,5.2,6.6,100,12.6,57.9,7.1,7.7,43.5,66.1,62.2,49.7,56.4,NA,NA,NA,NA,NA,NA,49.6,51,48.4,34.5,63.6,28.7,69.1,27.4,33.4,63.8,89.8,35.6,40.4,71.3,62.3,16.6,57.6,61.2,79,40.1,38,43.8,44.7,62.1,34.3,27.1,40.8,21.9,48.6,34.2,50.6,52.6,49.2,27.1,27.1,28.4,55.2,18.8,6.3,34.9,34.9,39.7,50.1,31.6,3.8,39.3,39.9,50.6,33.9,36.6,12.9,70.8
"112",508,"MOZ","Mozambique","Sub-Saharan Africa",38.6,47.8,57.3,34.2,16.6,54.7,68.4,69.6,89,81.8,81.7,96.8,29.2,67,61.5,41.5,58.3,NA,32.5,0,69.2,66.9,96.5,50.3,68.3,69.8,17.1,41.3,79,91,4.1,61,40.1,32.1,100,94.2,20.6,9.6,96.1,0,0,0,25,26.9,35.2,4.3,41.7,58,81.2,62.5,17.1,20.5,19.3,21.3,16.7,16.7,31.5,78.1,0.5,0.5,35.7,35.7,36.8,100,34.3,22.5,46.9,28.9,48.7,22.9,42.6,20.4,90.4
"113",104,"MMR","Myanmar","Asia-Pacific",26.9,26.6,23.4,5.1,2.1,98.1,7.1,34.3,19.6,27.7,54.9,95.3,31.5,17,68.4,51.5,65.3,56.7,32,32.7,71.7,36,50.5,55.3,22.8,25.3,56.4,12.5,69.9,80,0,0,59.6,54.7,62.6,58,64.8,12,72.4,12,0,0,17,9.1,0,7.1,11.9,47.3,48.2,37.7,0,35.5,34.2,36.3,29.2,29.2,34.7,78.1,7.2,5,35.6,35.6,3.6,19.2,75.1,27.8,92.3,34.7,47.3,38.1,45.7,14.4,83.3
"114",516,"NAM","Namibia","Sub-Saharan Africa",43.8,62,69.8,7.5,7.7,73.4,100,84.6,100,99,46.2,80.1,91.1,77.2,72.4,NA,NA,NA,NA,NA,NA,34.2,18,58.6,20.5,35.8,42.1,84,65.8,67.5,74.9,100,25.5,10.1,69.9,97,7.5,29.3,59.6,32.4,20.7,20.7,26.6,27.4,33,16.2,20.7,45.6,67.8,59.9,11.1,19.8,19.2,20.2,34.3,34.3,30.5,72.1,2.7,2.7,30.3,30.3,41.1,58.5,22.2,3.7,23.7,50.1,0,26.6,31.1,27,48.7
"115",524,"NPL","Nepal","Southern Asia",32.9,47.4,55.6,NA,NA,NA,13.8,48.8,56.5,80.3,53.6,76.9,50.3,95.9,84.7,80.6,93.4,67.8,91.7,57.3,72.3,NA,NA,NA,NA,NA,NA,15.8,9.5,17.1,32.6,0,65.6,70.7,71.7,67,59.3,11.4,81.5,8.1,0,0,14.4,6.2,0,7.1,0,42.7,23.8,0,7.6,33.8,33,34.4,21.4,21.4,42.7,98.4,14.6,1,25.8,25.8,5.2,31.4,42.6,NA,27,28.6,49.1,27.6,32.9,17.5,82.1
"116",528,"NLD","Netherlands","Global West",67.2,67.8,61,77.7,53.2,32.6,52.8,40.5,90.1,76.8,28.3,61.4,69.6,52.9,39.5,62,NA,NA,64.1,84.8,5.7,22.5,0,29.8,11.8,31.9,47.9,92.6,50.5,60.9,100,100,68,45.2,17.8,55.9,100,91.3,18.1,100,99.5,97,74.2,67.4,51.1,96.5,44.1,20.4,64.3,65.3,70,88.2,87.7,88.5,99,99,69.6,26.4,100,97.7,60.7,60.7,68.3,59.1,100,17.9,61.9,100,40.5,58.3,47.9,18.6,68.7
"117",554,"NZL","New Zealand","Global West",57.7,51.3,39.6,27.2,24.5,61.2,28.5,50.2,86.8,16.8,97.1,99.5,0,59.4,81.7,67.4,NA,87,52,45.1,70.9,31.4,34.4,38.8,25.6,26.7,54.7,69.1,60.2,85.2,65.6,71.2,72.9,52,50.9,62.3,100,72.7,20.2,77.1,84.1,61.8,81.5,83.1,96.2,85,65.2,40.6,45.1,94.6,53.5,84.8,85.6,84.2,80.8,80.8,39.5,15.1,100,33.6,47.6,47.6,53,39.2,64.6,31.8,54.1,68.4,51.7,48.5,35.2,19.6,47.3
"118",558,"NIC","Nicaragua","Latin America & Caribbean",47.4,58.5,66.1,97.1,40.6,100,85.3,72.9,69.5,92.9,66.1,96.3,40.9,0,61.6,16.7,22.8,5.7,25.2,0,36.1,48.9,67,43.3,41.2,50.1,47.6,82.4,74.5,73.7,68.1,100,51.6,36.8,48.3,58.8,63.6,41.3,31.5,53.7,33.3,33.3,39,36.7,47.7,17.6,58.3,48.2,41,73.5,12.1,47,44.7,48.5,47.6,47.6,21.6,49.2,7.4,1.2,37.6,37.6,45.9,92.9,30.6,3.7,30,41.1,47.5,33.3,39.5,25.5,72.4
"119",562,"NER","Niger","Sub-Saharan Africa",39.2,57,69.7,NA,NA,NA,53.9,78.1,59.7,85.2,36.3,89.6,76.9,72.2,28.7,NA,NA,NA,NA,NA,NA,NA,NA,NA,NA,NA,NA,57.9,41.7,59.7,48.2,70.4,55.9,33.7,100,77.7,65.4,10,100,0,0,0,30.4,36.5,65.4,5.7,26.1,45.9,69.7,51.6,24.1,12.2,11.4,12.8,23.3,23.3,31.9,78.4,0.9,0.9,19.4,19.4,33.2,100,5.2,3.8,3.7,14.1,0,2.8,26.9,17.5,78.8
"120",566,"NGA","Nigeria","Sub-Saharan Africa",37.5,43.3,47.1,NA,0.4,NA,28.2,68.8,44.5,88.7,32.9,41.4,52.7,62,0,32.8,46.6,25.7,24.4,19.7,61.8,63.4,47.6,95.6,56.9,57.9,52.8,54.4,53.8,55.6,53.6,55.1,47.9,50,100,47.3,41.8,13.4,74.8,10.6,3.4,3.4,20,18,18.3,8.8,30,40,51.2,20.4,16.7,14.4,14,14.6,47,47,29.7,63.7,19,1.1,43.9,43.9,44.9,100,59.6,5.8,30,41.1,47.6,43.7,47.8,6.3,88.1
"121",807,"MKD","North Macedonia","Eastern Europe",50,55.1,52.8,NA,NA,NA,42.3,53.2,44.4,26.3,76.1,94.5,75.2,67,30.6,64.6,NA,NA,71.1,43.3,74.3,NA,NA,NA,NA,NA,NA,74.7,43.7,49.7,100,60.6,46.7,37.7,50.6,56.7,51.3,41.9,62.5,46.9,33.7,33.7,39.1,29.9,21.5,28.7,56.1,36.8,21.1,61.2,38.6,70.4,71,70,43,43,31.6,42.2,73,0.2,51.3,51.3,47.5,42.7,78.8,24.4,79.2,100,51.1,45,43.5,32.5,65.5
"122",578,"NOR","Norway","Global West",70,72.6,71.6,93.9,11.3,62,98,67.4,58.5,73.4,99.5,99.9,83.8,74,100,61.4,NA,72.9,53.3,43.2,69.7,54.2,40.2,91.9,50.5,39.6,65.7,90.9,48.4,49.2,98.6,100,52.3,18.9,43.7,26.8,97,83.3,10.1,100,86.7,76.1,86.3,82.9,85.1,100,58.1,28.9,54.5,67.3,59.4,97.6,97.4,97.8,100,100,58.3,13.2,90.4,87.3,52.6,52.6,58.8,44.4,51,52.1,47.8,100,49.7,53.2,40.3,21.7,54.6
"123",512,"OMN","Oman","Greater Middle East",51.9,65.6,56.7,73.7,65.8,100,42.1,19.1,72.9,53.5,71.3,98.6,61.6,61.1,74.6,NA,NA,NA,NA,NA,NA,88.8,68.8,83.6,100,100,35.3,73.6,13.7,0,73.9,100,70.7,46.4,49.3,62.8,100,88.4,58.6,99,99,33.1,50.1,47.5,34.4,68.3,37.2,29.5,24.7,51.7,33.6,69.5,78.4,63.5,36.7,36.7,22.7,19.8,24.7,24.7,32.6,32.6,47.9,20.1,27.6,9.4,25.2,100,0,32.4,18.9,14.2,21.9
"124",586,"PAK","Pakistan","Southern Asia",25.5,29.4,25.7,0,0.7,50,6.6,28.3,35.5,62.8,34.1,18.7,41.6,32.7,39,NA,NA,NA,NA,NA,NA,62.2,67,91.1,52.1,53.4,45.3,32.2,13.2,21.1,47.2,23.1,46.8,33.9,35.3,28.9,68.2,21.1,55.9,29,7.9,7.9,13,6.4,0,8,0,43.9,8.7,0,17.2,28.2,28.2,28.2,22.4,22.4,29.3,64.2,10.8,3.6,30,30,35.7,71.1,25.1,9.9,9.2,29.9,37.5,28.6,33,1,76.2
"125",591,"PAN","Panama","Latin America & Caribbean",52.9,59.1,57,76.8,23.5,88.1,68.9,71.8,93.4,84,72.2,97.9,8.4,0,63.5,60,72.3,66,48.3,32.5,63.3,71.6,57,50,77.1,82.2,100,80.9,65.6,67.5,67.5,100,50,31,41.2,53.9,68,42.9,28.5,38.3,54.4,29.6,54.9,57.5,70.6,46.2,60.3,43.6,65.5,69.3,32.5,49.1,48.4,49.5,61.6,61.6,27.5,42.3,47.5,2.8,41.9,41.9,45,47.2,48.1,3.7,40.9,61,48.8,43.4,40.4,27,65.6
"126",598,"PNG","Papua New Guinea","Asia-Pacific",36.5,35.5,19.8,0,3.5,100,0,8.4,11.8,3.9,79.5,98.6,41.2,50,100,65.3,73.3,59.1,64.7,49.6,88.6,88.6,66.6,75.6,98.9,98.2,87.2,68.2,100,100,54,69.6,61.8,57.3,100,75.2,57.5,9,86.1,0.9,0,0,37,40,58.1,2.9,95.4,78.4,44.7,77.6,0,21.2,20.2,21.9,51.7,51.7,36.8,71.6,38.4,1.2,37.7,37.7,36.4,76,29,NA,47.9,44.9,49.3,33,37,27.9,88.7
"127",600,"PRY","Paraguay","Latin America & Caribbean",39,43.6,47.8,NA,NA,NA,43.3,36.9,47.3,61.7,38.2,82.6,84.2,0,43.1,20.6,33.9,9.2,18,0,63.9,NA,NA,NA,NA,NA,NA,62.3,100,100,23.2,86.3,71.6,86.7,100,79.7,50.7,11.5,46.2,11.2,4.8,4.8,39.3,33.6,39.6,24.2,43.2,20.8,83.8,57.2,0,56.7,55.1,57.7,52.6,52.6,23.4,43.5,26.8,1.5,31.9,31.9,25.7,35.5,46.1,4,38.6,31.4,47.3,34.8,35.4,20.2,50.6
"128",604,"PER","Peru","Latin America & Caribbean",46.6,56.4,48.9,92.1,16.6,53.4,48.4,46.2,71.8,65.6,83.4,98.4,15.2,10.5,75.6,60.1,69.1,53.9,57,45.1,88.6,85,80.8,62.3,94.9,94.8,69.5,74.7,100,99.1,65.8,73.7,45.3,34.2,46.8,37.4,59.5,64,48.9,66.9,66.9,56.3,35.6,26.6,10.5,33.2,66.2,6.2,56.4,57.2,10.9,55.1,52.9,56.6,68.3,68.3,25.9,48.6,28.5,1.8,40.7,40.7,40.2,51.7,48.3,3.8,36.6,81.5,49.5,40.2,40.3,14,72
"129",608,"PHL","Philippines","Asia-Pacific",32,33.7,25.6,19.4,12.5,53.1,28.5,26.3,51.4,37.1,56,78.7,0,0,76.3,50.6,67.4,36.3,49.2,42.8,59.1,76.4,72.7,86.2,76.7,77.2,41.8,39.7,61.5,72.2,32.8,35.7,72.3,73.7,86.1,49.8,79.2,10.6,80.9,2.8,2.8,2.8,28.5,22.8,17.4,13.1,79,24.2,11.3,61.4,19,42.7,45.5,40.8,41.6,41.6,30,55.9,12.8,12.8,32.2,32.2,31.4,46.8,39,8.3,30.5,45.2,48.5,31.3,32.8,5.9,75.2
"130",616,"POL","Poland","Eastern Europe",64.4,79.3,81.3,82.2,79.5,58.5,66.6,99,100,90.9,0,0,92.3,83.6,0,48.4,NA,NA,45.3,69.2,22.4,57.8,50.2,78.5,84.2,33.6,34.8,93.5,55.8,65.7,100,100,68.3,60.8,43.1,72,76.3,79.2,36.3,96.9,75.2,67.4,49.9,38.5,28.8,46.7,49.6,10.8,34.9,60,63.2,80.7,83.9,78.6,65.3,65.3,58.8,36.9,100,60,53.5,53.5,49.3,28.8,85.3,100,49.6,64.8,53.4,48.7,39.9,7.7,53.2
"131",620,"PRT","Portugal","Global West",62.2,63.4,60.4,70.1,30.5,26.4,46.3,65.2,76.6,80,38.1,47.9,66.7,64,63.6,16.5,NA,NA,11.4,33.1,8.6,31.1,5.5,21.7,42.5,36.7,49,88.7,30.3,34.4,100,100,49.7,15.1,35.6,72.1,76.1,87.3,40.5,97.1,91.8,76.8,68.2,61.1,55,77,52.8,22.8,44.2,65.3,48,94.4,92.5,95.6,71.6,71.6,50.8,26.5,100,50.4,55.3,55.3,62.3,63.5,41.6,31,59.3,100,51.7,56.6,51.9,24.7,75.2
"132",634,"QAT","Qatar","Greater Middle East",47.2,57.4,50.2,42.9,36.2,84.9,55.3,25.2,44.9,94.5,64.1,98.6,39.4,66.1,54.6,NA,NA,NA,NA,NA,NA,88.6,NA,62,100,100,57.4,65.3,0,0,56.7,100,35.7,6.7,30.8,39.9,63.3,86.7,20.3,100,89.3,89.3,50.7,42.4,0,96.8,31.7,6.6,19.7,37,18.8,75.1,80.6,71.5,64.8,64.8,42,31.3,100,23.6,28,28,40.7,5.8,47.2,7.2,14.9,91.2,NA,30.5,0,10.2,4.1
"133",178,"COG","Republic of Congo","Sub-Saharan Africa",41.2,63.8,71.4,NA,22.7,100,69.8,81.4,85,75,61.8,87.7,89.2,72.8,58.8,67.9,79.5,64.4,64,43.1,88.9,61,NA,59.7,NA,63.4,49,76.6,100,97.2,68.8,75.7,48.1,37.6,100,66.1,46.8,21.3,88.4,21.3,7.9,7.9,17.5,12.2,2.5,10.3,22.9,48.1,50.5,32.7,0,24.4,22.9,25.4,35.4,35.4,37.8,79.1,10.3,10.3,29.3,29.3,35,55,25.3,3.8,55.4,48.9,49.6,12.5,33.2,23,57.6
"134",642,"ROU","Romania","Eastern Europe",57.2,68.4,71.9,98.8,90,53.7,43.8,78.8,68.9,81.1,56.4,71.1,63,62.3,8.5,57.1,NA,44.1,72.1,57.3,59.6,24.5,NA,88.1,0,1.9,50,86.8,51.3,60,86,100,67.8,68.5,51.3,84.4,61.6,52.5,25.1,58.3,55.2,45.7,46.4,39.4,29.6,42.8,66.6,24.4,38.5,60,50.1,68.5,65.9,70.2,53.4,53.4,42.3,42.3,92.7,17.1,49.3,49.3,54,51.4,63,23.6,36.1,58.3,51.5,51.1,46.4,17.1,67.4
"135",643,"RUS","Russia","Former Soviet States",46.5,48.2,41,11.4,4.4,85.6,27.2,47.2,34,31,79,91.8,82.4,67.3,67.1,43.9,NA,18.2,63.1,49.9,90.2,63,51.3,24.5,74.4,84.6,43.7,65.2,46.9,65.2,65.1,69,62.9,43.9,82.5,53,84.4,53,33.9,55.1,55.1,55.1,54.7,50.5,48.4,55,59.5,23.7,31.5,59.1,56.3,73.8,68.3,77.5,61.8,61.8,15.5,32.8,4,4,36.9,36.9,48.8,24.2,32.9,30.6,36.2,40,49.9,38.1,29.6,0,35.7
"136",646,"RWA","Rwanda","Sub-Saharan Africa",33.4,44.5,49.9,NA,NA,NA,34.4,44.7,29.8,57,100,99.3,63.1,67.3,0,58.3,84.4,NA,39.6,35.7,39.8,NA,NA,NA,NA,NA,NA,51.2,66.7,77.2,46.2,47.9,41.6,48.8,61.7,65.9,22.6,8.6,79.6,1.6,0,0,14.2,8.5,0,7,21.5,53.6,0,13.1,14.5,24.6,23.2,25.5,36.2,36.2,15,36.5,0,1,32.3,32.3,18,100,26.3,29.2,31,32.2,47.4,32.1,41.1,30.2,98.3
"137",662,"LCA","Saint Lucia","Latin America & Caribbean",51,45.1,30.3,12,13.2,70.2,NA,21.1,52,44.5,0,82.2,27.4,NA,91.2,80.7,92.4,NA,85.5,43.2,62,94,NA,80.5,100,100,76.4,68.6,41.5,45.9,75,72.1,39.3,27.8,39.3,21.7,58.2,38.4,43.5,41.9,34.6,34.6,64.9,73.7,100,42.3,100,53.1,77.4,85.4,87.5,53.8,54.8,53.2,44.3,44.3,12.5,31,0.1,0.1,47.5,47.5,50.4,56.8,51.4,24.3,49.1,49.9,51.2,46.2,45.6,52.5,73.8
"138",670,"VCT","Saint Vincent and the Grenadines","Latin America & Caribbean",54.1,50.6,35.6,9.6,10.7,100,NA,26.4,58.1,61.6,100,99.6,16.2,NA,95.2,75.5,81.9,NA,83.9,38.3,69.9,86.1,NA,43.4,100,100,90.2,72.8,41.6,NA,78.5,73.3,76.9,79.7,56.5,77.8,75.5,41.5,47.2,46.7,36.1,36.1,64.5,74.1,100,40.9,100,67.6,74.6,85.2,91.3,51.7,51.9,51.6,28.3,28.3,37.1,42.7,100,0.1,49.9,49.9,49,58.7,47.4,NA,56.5,53.3,50.2,47.9,47.5,58.3,79.5
"139",882,"WSM","Samoa","Asia-Pacific",46.8,37.2,25.9,7,5.2,100,NA,8.2,25.9,14.5,28.3,89.8,22.1,100,46,NA,NA,NA,NA,NA,NA,75.9,29.2,42.5,100,100,60.1,75.2,82.4,NA,79.3,69.7,57.1,40.9,54.2,77.8,65,17.6,50.1,0,25.2,25.2,57.7,57.9,100,7.8,39.2,76.8,97.1,100,100,57.3,64.4,52.5,58.2,58.2,55.7,83.4,98.9,6.5,51.3,51.3,39.4,66.7,92.6,28.5,79.2,62.2,NA,43.5,48.6,55.1,85.7
"140",678,"STP","Sao Tome and Principe","Sub-Saharan Africa",35.9,31.6,33.6,10.1,0,100,NA,0,100,59.3,4.4,82.1,33.4,NA,100,NA,NA,NA,NA,NA,NA,72.6,0,100,65.2,100,26.9,20.4,51.4,NA,17.7,17,31.7,20.1,57.4,44.8,35.6,19.8,81.7,20.6,6.7,6.7,39.5,40.9,56.3,10.7,20.6,100,100,70.2,88.1,37.5,36.1,38.5,38.1,38.1,27.8,68.4,0,1,38.6,38.6,44,100,27.6,0,26,46.4,49.9,35.9,38.6,57,92.7
"141",682,"SAU","Saudi Arabia","Greater Middle East",42.6,50.3,45.4,50.4,5.8,100,34.1,54.9,29.7,15.6,72.9,95.4,65.2,89.2,47.3,NA,NA,NA,NA,NA,NA,56,54.6,53.6,61.1,55.2,50.4,60.5,0,0,65.4,79.9,53.8,8.9,41.3,53.1,100,57.7,26.8,61,61,62.1,40,34.7,2.7,70.2,23,31.1,4.6,54.4,40.8,64,69.2,60.6,26.3,26.3,37.4,28.4,100,15,33.2,33.2,46.5,17,35.6,6.7,32.3,95.9,0,36.3,18.8,0,21
"142",686,"SEN","Senegal","Sub-Saharan Africa",43.3,50.9,56.5,8.9,18.4,44.9,54.3,78.2,86.8,63.8,16.8,61.5,78.2,89.2,7.1,63.5,97,NA,28.6,46.2,71.2,58.4,11.3,57.5,55.8,79.8,66.2,39.7,60.1,60.7,44.9,26.2,71.1,43.9,86.6,86.5,90.6,12.8,67.9,4.4,8.6,8.6,42.9,49.5,100,6.8,33.6,46.5,14.5,55.5,30.2,27.2,25.5,28.3,35.5,35.5,24.5,59.9,0.6,1,32,32,33.9,76.8,33.6,3.9,24.3,51,19.6,27.8,34.7,21.6,82.1
"143",688,"SRB","Serbia","Eastern Europe",49.3,56.1,53.5,NA,NA,NA,34.7,55.9,29.7,48.5,53.2,85.4,73.8,84.5,13.7,69.3,NA,NA,78,55.9,52.8,NA,NA,NA,NA,NA,NA,86.3,46.8,56.1,100,86.6,71.4,78.1,47.7,46.3,77.1,15.4,34.9,15.9,10.1,14.8,43.4,31.6,24.2,30.6,55.4,36.4,24.3,60.1,39.9,82.6,83.9,81.8,54.1,54.1,26.4,39.4,52.3,0.5,43.6,43.6,47.6,30.8,44.9,25.7,95.8,40.7,52.7,42.9,39.4,20.5,53.5
"144",690,"SYC","Seychelles","Sub-Saharan Africa",48.2,48.3,51.8,94.7,50.2,50.5,NA,18.7,73.4,89.2,28.3,95.8,0,NA,64.7,NA,NA,NA,NA,NA,NA,75.8,16.1,56.6,98,100,51.5,17.5,62.1,NA,5.7,20.3,58,52.3,38,77.8,57.1,51.5,34.6,58,49.7,49.7,71.4,80.2,92.6,66.6,59,97.7,97.3,89.1,100,53.9,58,51.1,59.6,59.6,32,30.1,95,2.3,27.3,27.3,30.9,6.3,33.3,NA,29.4,11,50,25.6,19.8,47.2,30.8
"145",694,"SLE","Sierra Leone","Sub-Saharan Africa",39.7,38.9,46,5.5,39.1,100,24.6,67.8,42.8,63.3,85.1,96.9,79.1,0,56.7,17.4,34.5,NA,0,4.9,27.4,75.3,79.4,96.4,38.4,98.7,0,33,59.6,48.4,30.6,27,40.1,29.1,100,52.8,40.7,10,100,0,0,0,33.1,38.2,70.3,4.5,34.3,51.8,67.8,40.4,10,17.7,16.9,18.3,28.2,28.2,32.8,81.1,0,1,46.8,46.8,50.3,100,36.4,NA,49.1,64,48.1,36.2,46.8,33.4,96.8
"146",702,"SGP","Singapore","Asia-Pacific",53.8,55.9,36.6,NA,0,NA,NA,63.2,16.5,14.9,100,91.7,48.1,NA,65.3,28.8,37.3,NA,18.7,40.7,4.1,97.1,NA,NA,100,100,62.6,81.8,27.1,26.9,85.5,100,61.3,34.1,0,46,100,92.4,23.7,100,100,100,65.8,53.6,32.7,84.7,59.9,10,6.5,61.2,30.5,99.9,100,99.8,78.6,78.6,75.5,42,100,96.7,41.2,41.2,51.9,31,29.1,10.6,26.2,100,42.8,45.6,32,18.1,39.2
"147",703,"SVK","Slovakia","Eastern Europe",65,77.8,81.8,NA,NA,NA,62.4,95.8,90.1,91.4,56.5,70.8,89.4,73.7,18.2,53.5,NA,NA,60.1,42.1,43.2,NA,NA,NA,NA,NA,NA,94.1,60.4,68.3,100,100,67.4,62.9,100,79.6,64.2,59.4,26.1,57.4,70.2,57.3,60.5,50.6,35.8,68.7,51,32.7,36.7,57.9,48,93,100,88.4,67.1,67.1,53.4,27.6,97.6,57,48.9,48.9,51.7,37.3,48.3,44.5,44.3,82.9,51,49.5,43,23.6,59.1
"148",705,"SVN","Slovenia","Eastern Europe",62.5,67.7,64.8,12,27.8,100,69.9,94,100,87.3,58.7,54.3,71.2,52.6,42.2,58.9,NA,NA,67.6,47.6,37.9,36.4,NA,51.9,29,32.1,41.5,92.7,51.7,60.6,100,100,56.7,43.8,34.6,70.9,65.5,72.7,38,94,67.6,42.5,59,45.8,35.8,58.6,42.4,33,45.7,51.9,39.2,91.5,95.7,88.7,92.5,92.5,53.6,26.7,77,68.9,57.5,57.5,57.9,47.1,69.6,59.1,50.2,100,48.9,55.7,48.4,33.6,68.5
"149",90,"SLB","Solomon Islands","Asia-Pacific",41.8,30.2,13.2,9.5,7.3,99.6,0,0.8,1.7,5,100,99.7,20.4,0,100,42,52,23.3,44.9,45.8,72.3,84.8,84.7,48.8,100,100,47.5,83,98.1,100,90,69.7,44.6,19.4,100,42.1,66.2,9.7,83,3.5,0,0,50.6,60.1,100,1.6,100,98.3,96.6,95.6,33.4,33.6,31.7,34.8,28.6,28.6,19.4,43.8,0,4.7,52.8,52.8,59.7,100,25.4,NA,41.5,73.2,48.8,46.1,54.1,54.4,100
"150",710,"ZAF","South Africa","Sub-Saharan Africa",42.9,49.8,40.1,35.2,54.6,70.3,16.3,34.8,29,37.8,87.3,81.8,24.4,77.2,59.9,NA,NA,NA,NA,NA,NA,47.8,22.9,60.1,48.1,50.2,54.7,85.3,60.7,62.7,97.5,82.6,57.2,45.8,55,73.5,62.1,52.4,34,56,56,42.3,24.2,20.4,10.3,25,33.6,50.4,2.8,13.3,18.4,25.3,24.9,25.5,48.6,48.6,34.5,39.9,59.5,16.5,48,48,56,42.3,60.2,10.6,42.4,88.7,49.8,43.7,45,7.2,62.3
"151",410,"KOR","South Korea","Asia-Pacific",51,49.9,32.8,41.4,15.1,27,19.1,54.4,55.8,29.1,54,65.4,0,35.4,40.5,57.5,NA,NA,62,44.9,60.3,34.9,31.2,40,21.2,39.5,61.5,87.3,22.3,25.2,100,100,61.8,43.6,21.1,48.3,89,86.3,14.9,94.4,94.4,93,57.9,44.5,12.6,89.7,39.2,13.9,0,14.3,22.2,91.1,92.7,90.1,85.4,85.4,64.7,31.4,96.7,82,47,47,52.6,29.2,42.2,41.9,38.7,100,51.5,49.3,37.6,4.1,49.7
"152",724,"ESP","Spain","Global West",64.2,68.5,67.3,91.4,47.4,33.3,59.5,75.1,93.5,64.3,49,63.5,55.3,67.3,38.4,44.5,NA,NA,42.2,51.3,42.3,33.7,21.9,41.3,40.3,27.4,49.7,89.3,33.9,38.1,100,100,54.1,34.9,38.5,67.8,69,80.7,25.6,89.4,88.3,71,64.8,56.2,48.8,74.2,36.1,25.5,45.4,64.5,44.3,91.6,88.6,93.6,77.8,77.8,50.8,29,100,48.1,57.2,57.2,55.1,46.3,45.7,100,47.2,100,51.5,56.6,50.7,12.5,72.2
"153",144,"LKA","Sri Lanka","Southern Asia",38.7,39.3,33.7,2.5,1.5,44.8,59.8,36.2,82.8,48.3,32.2,81,0,30.7,78.5,70,88.7,NA,65.4,31,58.4,63.4,68.1,62.6,58.7,67.2,50.3,49.1,36.2,30.9,54.2,50.2,62.5,65.6,100,61.3,56.9,10.9,87.3,4,1.1,1.1,30.9,20.1,12.3,20.3,26.9,48.1,20.8,38.6,23.6,53.7,55.6,52.5,65.2,65.2,32.6,68.2,8.9,8.9,44.1,44.1,44.2,91,46.1,3.8,51.1,61.9,48.6,44.8,44.8,23.4,90.4
"154",729,"SDN","Sudan","Greater Middle East",38.6,42.3,39.1,95.5,28,65.6,11,22.5,6.6,16.9,0,58.1,71.7,70.2,14.6,NA,NA,NA,NA,NA,NA,95.8,83.9,100,100,100,64,62.4,49.3,52.5,41.2,88.3,48.5,26,100,74.7,55.8,9.4,75.7,4.6,0,0,34.6,35.3,55.5,11.7,28.3,48.4,63.1,58.7,22.3,39.2,36.4,41,12,12,44.5,84.8,44.8,4,36.2,36.2,40.3,100,41.9,3.1,43.7,33.2,0,32.6,43.4,13.9,79.2
"155",740,"SUR","Suriname","Latin America & Caribbean",56.6,63.9,64.3,57.9,43.4,100,100,58.3,34.1,32.6,76.1,98.7,97.7,74.9,46.2,72.9,82.5,63.4,78.4,47.9,93.9,38.9,19.5,44.9,38.3,44.7,36.3,80.3,100,89.9,72.1,82.7,62.8,47.5,100,28.3,89.4,44.3,46.6,49.5,39.6,39.6,58.8,68.3,100,37,97.8,36.4,83.1,76.2,15.9,43.4,46.5,41.4,39.7,39.7,13.1,30.3,2.4,1.2,43.6,43.6,45.2,29.2,50.7,100,29,10.5,49.8,37.2,37,37.2,50.3
"156",752,"SWE","Sweden","Global West",70.5,67.3,59.9,54.8,47.5,48.9,40.2,84.9,42.8,69.3,97,99.4,97.5,3.5,54.9,56.2,NA,83.6,33.3,32.5,53.5,52.4,26.6,48.9,76.7,50.5,35,90.6,51.9,35.4,100,100,73.2,46.6,54.6,76.5,100,86.3,35.5,99,88,79.8,85.5,81.2,77.1,99.9,66.5,17.7,76.6,69.3,77.4,97,96,97.7,100,100,72.7,32.7,99.7,99.2,62.9,62.9,64.8,70.4,96.8,59.9,35.7,93.3,49.5,58.1,53.1,25.7,77.1
"157",756,"CHE","Switzerland","Global West",68,69.4,60,NA,NA,NA,92.9,42.9,32.8,21.7,87.5,93.5,88.3,68.7,62.3,61.1,NA,NA,72.3,46.2,35.2,NA,NA,NA,NA,NA,NA,92.5,52.1,57.5,100,100,59.6,43.1,27.5,50.9,82.5,85.5,10.1,93.9,93.9,93.9,75.6,67.5,48.2,100,45.7,25.9,71.4,59.8,49.6,98,98.2,97.9,92.2,92.2,66.8,16.9,100,100,59.4,59.4,64.1,66.3,45.1,58,63.1,100,50.8,60.8,53.7,27.6,78.8
"158",158,"TWN","Taiwan","Asia-Pacific",50.3,51.8,39.4,2.2,10.5,88.3,24,37.4,65.4,79.1,95.1,98.3,NA,27.8,100,85.1,97.3,NA,88.5,50.8,64.1,46.4,41.3,45.9,27.3,69.1,0,86.5,18.8,18.8,100,100,60.3,44.2,16.2,34.8,90.8,39.2,31.5,69.9,16.2,16.2,50,40.1,22.2,61.2,50.8,18.2,10.4,44.2,36.1,70.9,72.1,70.1,71.8,71.8,69.7,28.4,98.5,96.7,48.4,48.4,49.2,24.4,70.3,49.4,34.8,100,NA,47.9,34.8,8.7,44.4
"159",762,"TJK","Tajikistan","Former Soviet States",31.9,46.2,53.6,NA,NA,NA,29.5,34.7,53,23.1,71.3,88.8,96.4,87.7,58.7,NA,NA,NA,NA,NA,NA,NA,NA,NA,NA,NA,NA,41,0,47.5,22.7,66.3,57,57.9,51.9,57.2,56.5,18.6,64.3,23.9,5.2,5.2,21.7,17.4,15.1,10.9,22.9,30.9,34.3,54,34.4,31.2,28.1,33.3,33.8,33.8,22.8,53.8,0,3.1,18.5,18.5,0,0,25.4,89.6,4,35.1,31.9,9.5,16.2,22.2,70.4
"160",834,"TZA","Tanzania","Sub-Saharan Africa",43.1,59.6,65.3,67.5,37.8,100,100,72.1,98.1,82.1,56.1,79.4,0,73.4,24.8,54.4,62.6,73.6,40,0,71.3,71.7,75.2,60.7,77.7,78.9,24.1,77.7,81.8,87.6,52.7,100,48.5,44,100,99.6,27.4,16.1,100,0.9,14.4,0,24.9,23.9,26.1,6.9,42.2,53.7,71.6,57.9,19.6,20.6,19.4,21.4,44.1,44.1,24.1,59.2,0,1,32.5,32.5,24.2,100,31.5,NA,35.6,32.2,44.7,28.5,38.1,13.6,86.3
"161",764,"THA","Thailand","Asia-Pacific",45.4,50.8,46.2,68.3,28.6,33,27,70.2,60.6,69.6,63.9,94.2,22,0,30.2,70.7,89.9,85.2,39.8,51.9,60.1,44.2,38.8,79.2,31.5,33.3,60.9,75.8,64.2,56.6,57.7,100,58.8,48.9,60.7,47.5,73.2,21.5,31.3,23.4,18.1,18.1,34.9,25.5,11.9,37,35.7,32.7,16.2,31.4,10.4,51.2,61.2,44.6,75.4,75.4,33.6,38,40.1,26,46,46,50,46.1,70.7,6.4,57.8,55.9,48.1,45,43.2,6,62.3
"162",626,"TLS","Timor-Leste","Asia-Pacific",49.7,47.6,45.3,59.9,17.7,100,14.8,32.2,53.5,56.2,80.2,93.1,47.6,69.3,70.7,62.6,NA,NA,66.1,49.5,71,95.5,100,NA,NA,100,50,67,74,89.4,57.9,70.2,48.8,18.9,45.9,97.1,58.9,18.9,71.5,18.5,8.7,8.7,36.1,38.3,62.2,8.1,38.1,44.9,90.7,75,16.9,33.1,31.5,34.1,23.8,23.8,39.7,94.3,0,5,65.2,65.2,46.2,100,100,NA,39.8,45.5,47.1,65.7,71.8,100,100
"163",768,"TGO","Togo","Sub-Saharan Africa",35.2,45.9,54.7,NA,0,NA,45.7,62.6,83.1,85.4,30,26.3,57.7,81,8.6,42.4,61,NA,25.2,20.7,59.6,58.9,NA,87.7,24.3,66,67.4,45.3,75.5,76.8,0,78.3,40.3,31.9,99.5,76.1,28.8,10,100,0,0,0,25.3,26.8,41.6,5.5,21.1,58.8,59.1,39.8,20.4,17.8,17.1,18.2,30.4,30.4,26.4,64.1,1.2,1.2,28.5,28.5,28.4,100,23,3.7,30.4,21.7,47.2,23.4,32.1,28.4,88.1
"164",776,"TON","Tonga","Asia-Pacific",40.2,34,15.3,0.2,3.7,100,NA,7.9,33.1,0.5,100,98.1,9.9,NA,0.4,NA,NA,NA,NA,NA,NA,95.7,98.2,100,100,100,18.8,70.4,63,NA,74.7,67.5,49.9,53.7,53.9,0,66.6,34.8,51.9,39.6,27.6,27.6,58.2,60.3,100,13.4,46.1,68.8,100,100,100,50.2,50.9,49.7,74,74,32,60.5,28.4,5.3,32.5,32.5,23.7,23.3,44.4,NA,48.3,60.8,NA,24.5,30.4,53.8,65.6
"165",780,"TTO","Trinidad and Tobago","Latin America & Caribbean",52.1,48.9,49.5,0,3.4,100,100,32.9,97.3,70.5,84.9,93.4,57.3,20.8,49.1,72.6,86.5,NA,72.5,34.1,66.3,58.1,42,26.5,65.6,78.8,49.8,72.5,44.3,42,66.3,90.4,22.5,5.4,20.7,29.1,36.9,13.2,9.8,25.2,4.2,4.2,77,87.2,100,82.4,94.6,46.4,82.5,81.2,53.1,60.2,63,58.4,65.2,65.2,11.8,27.6,2.4,0.7,36.1,36.1,52.2,22.8,55.4,3.7,40.1,54.7,50.8,27.6,21.3,23.2,36.8
"166",788,"TUN","Tunisia","Greater Middle East",45.7,48.1,38.3,15.7,25.7,100,10.7,15.4,21.1,59.6,61.8,95.8,83.5,71.9,28.6,NA,NA,NA,NA,NA,NA,50.3,45.5,44.8,51.1,54.8,51.6,70,16.3,24.6,59.7,100,40.2,24.3,63.7,59.7,45.9,75,58.8,80.7,73.7,73.7,46.5,44.3,33,61.6,32.8,35.4,19.2,46.3,43.3,62.4,64.3,61.1,33.2,33.2,30.8,50.2,41.8,5.9,41.4,41.4,43.6,43,65.3,4,38.2,45.3,48.5,39.2,41,20.1,67.4
"167",792,"TUR","Turkiye","Eastern Europe",37.6,35.6,20.1,2.1,21,61.5,5.4,0.8,0.6,1,46.2,18.7,67.7,64,30.4,54.7,NA,NA,53.4,53.3,63.8,49.6,24.4,56.2,51.3,54.2,57.4,50,32.9,44.7,69.7,34.7,59.2,49.8,52.1,42.9,76,69.1,38.7,74,74,60.7,41.8,34.8,16,57.2,21.3,13.1,38.8,62.4,40.8,63.7,66.9,61.6,52.2,52.2,29.7,33.1,57.8,12.3,37,37,40.9,25,28,30.2,16.9,100,51.9,36.6,30.8,0.7,44.2
"168",795,"TKM","Turkmenistan","Former Soviet States",40.7,40.8,39.5,72.8,12.5,50,2.3,18.2,10.7,24.1,64.1,65.6,91.9,89.2,42.7,NA,NA,NA,NA,NA,NA,NA,NA,NA,NA,NA,NA,43.5,32.2,38.8,15.7,74.6,48.1,27,43.5,72.3,59.6,39.2,43.2,44.7,34.1,34.1,53.8,54.1,45.5,67.8,43.1,34.1,56.3,64.2,48,58.5,54.2,61.4,41.9,41.9,48.7,79.8,75.3,4.3,29.6,29.6,49.5,25.7,37.7,7.6,28.3,11.5,0,23.4,26.4,14.7,32.3
"169",800,"UGA","Uganda","Sub-Saharan Africa",35.4,44.5,51.9,NA,NA,NA,39.1,72,59,77.5,17.6,62.2,15.7,63.7,0,34.1,46.2,35.5,29.7,0,43.5,NA,NA,NA,NA,NA,NA,54.5,76.4,77.2,30.7,69.4,48.3,40.9,100,92.7,32.9,12.8,96,8.1,0,0,18.3,14,7.7,7.5,29.2,64.7,25.4,28.9,5.9,23.6,22.1,24.6,38.3,38.3,24.3,57.3,2.6,2.2,35.7,35.7,29.5,100,33,NA,37.1,24.5,48.1,33.2,40.4,18.7,92.9
"170",804,"UKR","Ukraine","Former Soviet States",54.6,58.5,53.8,81.5,34.2,44.1,22.4,64.9,43.8,54.5,42.5,0,79.8,71.1,0,54.8,NA,NA,53.1,70.4,32.2,33.4,18.8,27.7,40,34.8,57.6,92.9,54.7,59.7,100,100,76.4,71.1,100,64.7,84.5,41.7,22,55.9,34.2,34.2,48.1,40,37.9,35.6,58.8,31,35.9,64.2,64.4,76,72.2,78.5,60.7,60.7,22.2,37.5,33.3,1.3,53.9,53.9,62.6,65.9,73.4,0,41.6,62.6,49.8,51.7,55.3,23.9,84.9
"171",784,"ARE","United Arab Emirates","Greater Middle East",52,63.5,59.3,90.2,31.1,100,42.5,37.3,55.1,95.3,88,99.3,48.4,78.7,41.2,NA,NA,NA,NA,NA,NA,80,37.1,89.4,100,82.8,50.6,65.1,0,0,88.9,67.3,37.5,13.8,29.2,36.7,62.1,91.2,36.7,93.9,100,100,50.6,46.2,10.3,99.3,24.2,7.1,12.4,34.8,12.6,71.9,80.6,66.1,49.9,49.9,20,23.3,41.6,5.9,35.6,35.6,45.9,14,42.7,8,35.9,89.9,100,36.5,11.3,6.5,14.4
"172",826,"GBR","United Kingdom","Global West",72.7,73.3,71.9,80,54.2,70.4,60,57,87.9,83.5,72,24.5,91.4,88,49.3,46.4,NA,NA,45.6,63.6,16.1,38.1,14.9,58.4,31.7,40.3,44.1,92,43,60.5,100,100,76.9,56,48.6,77,100,79.8,25.7,85.8,85.8,85.8,77.4,69.9,52.1,98.8,66.5,12.7,51.6,66.8,71.7,98.2,100,97,95.7,95.7,65.4,29.4,97.7,85.2,67.8,67.8,74.3,77.3,58.6,56.8,52.5,86.5,47,67.1,61.6,100,91.6
"173",840,"USA","United States of America","Global West",57.3,54.1,41,58.7,46.1,76.9,14.6,39.9,37.8,36.9,71.5,89.4,45.5,20.8,46.2,51.9,87.6,18.1,49.9,43.9,66.5,46.5,38,45.1,46.4,50.6,49.1,89.1,31.7,36.9,100,100,83,76.6,80.7,57.8,100,65.7,5.6,78.2,67.7,67.7,72,65.8,61.5,91.6,33.8,6.6,35.7,60.3,35.5,96.4,90.9,100,78.6,78.6,41.7,13.3,93.9,44,50.1,50.1,57.7,33.3,50.5,46.7,55.2,100,50.2,52.5,35.5,0,50.1
"174",858,"URY","Uruguay","Latin America & Caribbean",43.9,39.1,29.4,15.1,22.1,54.2,6.3,18.3,11.6,16.7,42.6,89.3,71.3,69.9,25.9,NA,NA,NA,NA,NA,NA,34.4,51.6,53.7,26,21.1,40.1,75.8,78.9,92.6,55.5,92.2,58.2,58.6,32.5,73.8,53.4,34.1,59,37.7,26.3,26.3,56.5,52.3,48.6,57.7,52.3,27,68.6,78.4,38.8,72.5,75.6,70.4,64.7,64.7,30.9,36.3,66.2,7.8,40.6,40.6,46.1,53.8,38.9,50.4,46.5,53.3,48.2,37.6,31.4,21.4,38.4
"175",860,"UZB","Uzbekistan","Former Soviet States",42.9,49.3,44.4,NA,NA,NA,10.8,36.6,32.3,26.8,75.3,75.3,90,66.1,36.1,NA,NA,NA,NA,NA,NA,NA,NA,NA,NA,NA,NA,49.2,41.5,57.1,42.8,55.6,57.4,49.6,35.6,45.7,72,62.2,53.6,39,97.2,23.5,37.7,27.5,23.9,23.2,45.8,29.6,30.1,56,40.1,71.5,65.4,75.5,44.3,44.3,28.7,68.3,0,3.5,37.5,37.5,46.8,43.6,35.6,21.7,11.8,47.2,55,32.1,38.6,10,57.8
"176",548,"VUT","Vanuatu","Asia-Pacific",44.6,36.5,18.1,0.6,1.8,98.1,1.7,3.6,13.7,2.9,76.1,99.1,0,98.8,100,81.9,81.2,94.6,79.6,48.4,88.7,84,85.6,36.3,100,99.2,NA,73.5,80.5,88.9,73,69.6,42.7,13.7,100,42.3,67.2,17.6,77.2,15.7,7.1,7.1,49.2,57.5,100,2.5,58.5,100,83.7,97.7,64.9,32.4,31.2,33.2,34.5,34.5,21.9,48.1,4.4,4.4,53.7,53.7,25.4,62.8,100,NA,100,61.5,50.2,47.4,57.9,59,95.1
"177",862,"VEN","Venezuela","Latin America & Caribbean",53.1,61,61.3,10.3,14.9,76.4,100,88.6,96.7,75.5,69.9,91.6,37.5,56.7,52.2,71.3,82.8,69.6,69.7,37.6,87.8,82.5,27.8,85.9,99,98.5,39.3,76.1,100,90.5,72.2,72.3,46.1,18.1,42.5,47.5,73.9,32.1,29.1,33,32,32,50,54.2,62.1,51.6,54.2,33.3,61.9,62.9,9.4,48.5,49.3,47.9,38.2,38.2,10.3,24.6,0,1.2,43.5,43.5,50,55.1,51.7,15.5,53.6,57.2,49.4,34.4,45.5,14.2,67.2
"178",704,"VNM","Viet Nam","Asia-Pacific",24.5,27.7,25.4,27.5,7,40,25.4,41.6,24.9,44.3,30,82.7,3.2,0,59.4,48.5,56.8,71.4,15.6,34.3,53.9,29.4,98.2,31.8,9,13.3,29,7.5,43.9,46.6,0,0,73,55.2,31.9,59.4,100,14.9,58.7,10,10,10,26.6,15.5,8,15.4,34.3,22.9,32.3,24.8,15.8,53.7,52.2,54.7,43.3,43.3,46.1,74.2,27.4,27.4,17.9,17.9,10.8,0,49.7,0,35.4,51.6,41.7,10.3,12,0,36.5
"179",894,"ZMB","Zambia","Sub-Saharan Africa",46.1,65.3,83.7,NA,NA,NA,99.6,91.2,99.2,79.4,54,92.1,59.6,80.1,52.6,40,45.1,NA,37.5,13.5,75.1,NA,NA,NA,NA,NA,NA,75.4,69.3,82.6,50.5,100,44.1,29.9,58.2,85.9,39.6,15.3,94.9,13.8,0.5,0.5,18.9,16.7,12.7,7,30.9,55.7,44,51.2,13.1,21.4,20.1,22.3,28.2,28.2,25.2,61.9,0,1,39.4,39.4,16.8,60,48.9,100,55.4,31.3,47.8,34.2,43.4,21.6,84
"180",716,"ZWE","Zimbabwe","Sub-Saharan Africa",51.7,66.3,70.5,NA,NA,NA,64.7,72.7,94,95.4,41.8,79.4,32.7,85.1,33.6,45.7,51.6,NA,45.1,20.4,63.5,NA,NA,NA,NA,NA,NA,88.7,69.5,84,82.1,100,35.5,31.7,57,80.8,18.7,56.7,75.1,69,53.9,0,22.9,22.8,26.8,4.9,33.5,68.9,55.4,53.1,17.5,19.5,19.2,19.7,27.1,27.1,31.8,74.9,3.3,3,53.5,53.5,69.1,100,54.2,3.8,59.8,34.1,43.5,46.2,59,32.2,96.9
